# Print out the spin texture for bands in the energy range of:  [   -2.0000000eV,    2.0000000 eV]
# Reciprocal lattice vector unit: A^-1
#  k point #    kx       ky       kz     State #     Eigenvalue     sigma_x    sigma_y    sigma_z
      1       0.0000  -0.3522  -0.3481    1929        -1.72073      -0.0006     0.0030     0.0005
      1       0.0000  -0.3522  -0.3481    1930        -1.72073       0.0006    -0.0030    -0.0005
      2       0.0000  -0.3170  -0.3481    1929        -1.72725      -0.0269     0.0106     0.0005
      2       0.0000  -0.3170  -0.3481    1930        -1.72724      -0.0273    -0.0101    -0.0006
      3       0.0000  -0.2818  -0.3481    1929        -1.74546      -0.0486     0.0133     0.0005
      3       0.0000  -0.2818  -0.3481    1930        -1.74544      -0.0488    -0.0121    -0.0006
      4       0.0000  -0.2465  -0.3481    1929        -1.77193      -0.0625     0.0183     0.0005
      4       0.0000  -0.2465  -0.3481    1930        -1.77191      -0.0626    -0.0166    -0.0007
      5       0.0000  -0.2113  -0.3481    1929        -1.80250      -0.0690     0.0304     0.0007
      5       0.0000  -0.2113  -0.3481    1930        -1.80247      -0.0690    -0.0277    -0.0007
      6       0.0000  -0.1761  -0.3481    1929        -1.83345      -0.0689     0.0986     0.0016
      6       0.0000  -0.1761  -0.3481    1930        -1.83342      -0.0688    -0.0916    -0.0012
      7       0.0000  -0.1409  -0.3481    1929        -1.86382      -0.0596     0.0321     0.0021
      7       0.0000  -0.1409  -0.3481    1930        -1.86380      -0.0586    -0.0247    -0.0013
      8       0.0000  -0.1057  -0.3481    1929        -1.89119      -0.0627     0.0131     0.0008
      8       0.0000  -0.1057  -0.3481    1930        -1.89116      -0.0620    -0.0103     0.0000
      9       0.0000  -0.0704  -0.3481    1929        -1.91179      -0.1051     0.0086     0.0004
      9       0.0000  -0.0704  -0.3481    1930        -1.91176      -0.1048    -0.0057     0.0007
     10       0.0000  -0.0352  -0.3481    1929        -1.91734      -0.1378     0.0089     0.0004
     10       0.0000  -0.0352  -0.3481    1930        -1.91732      -0.1378    -0.0048     0.0010
     11       0.0000   0.0000  -0.3481    1929        -1.90515       0.0231     0.0260     0.0907
     11       0.0000   0.0000  -0.3481    1930        -1.90515      -0.0231    -0.0260    -0.0907
     12       0.0000   0.0352  -0.3481    1929        -1.91734       0.1378    -0.0089    -0.0004
     12       0.0000   0.0352  -0.3481    1930        -1.91732       0.1378     0.0048    -0.0010
     13       0.0000   0.0704  -0.3481    1929        -1.91179       0.1051    -0.0086    -0.0004
     13       0.0000   0.0704  -0.3481    1930        -1.91176       0.1048     0.0057    -0.0007
     14       0.0000   0.1057  -0.3481    1929        -1.89119       0.0627    -0.0131    -0.0008
     14       0.0000   0.1057  -0.3481    1930        -1.89116       0.0620     0.0103    -0.0000
     15       0.0000   0.1409  -0.3481    1929        -1.86382       0.0596    -0.0321    -0.0021
     15       0.0000   0.1409  -0.3481    1930        -1.86380       0.0586     0.0247     0.0013
     16       0.0000   0.1761  -0.3481    1929        -1.83345       0.0689    -0.0986    -0.0016
     16       0.0000   0.1761  -0.3481    1930        -1.83342       0.0688     0.0916     0.0012
     17       0.0000   0.2113  -0.3481    1929        -1.80250       0.0690    -0.0304    -0.0007
     17       0.0000   0.2113  -0.3481    1930        -1.80247       0.0690     0.0277     0.0007
     18       0.0000   0.2465  -0.3481    1929        -1.77193       0.0625    -0.0183    -0.0005
     18       0.0000   0.2465  -0.3481    1930        -1.77191       0.0626     0.0166     0.0007
     19       0.0000   0.2818  -0.3481    1929        -1.74546       0.0486    -0.0133    -0.0005
     19       0.0000   0.2818  -0.3481    1930        -1.74544       0.0488     0.0121     0.0006
     20       0.0000   0.3170  -0.3481    1929        -1.72725       0.0269    -0.0106    -0.0005
     20       0.0000   0.3170  -0.3481    1930        -1.72724       0.0273     0.0101     0.0006
     21       0.0000   0.3522  -0.3481    1929        -1.72073       0.0009     0.0058     0.0001
     21       0.0000   0.3522  -0.3481    1930        -1.72073      -0.0009    -0.0058    -0.0001
# Print out the spin texture for bands in the energy range of:  [   -2.0000000eV,    2.0000000 eV]
# Reciprocal lattice vector unit: A^-1
#  k point #    kx       ky       kz     State #     Eigenvalue     sigma_x    sigma_y    sigma_z
      1       0.0000  -0.3522  -0.3307    1929        -1.72553       0.0014    -0.0001     0.0006
      1       0.0000  -0.3522  -0.3307    1930        -1.71834      -0.0015     0.0004    -0.0008
      2       0.0000  -0.3170  -0.3307    1929        -1.73256       0.1416    -0.0000     0.0007
      2       0.0000  -0.3170  -0.3307    1930        -1.72597      -0.2168     0.0009    -0.0007
      3       0.0000  -0.2818  -0.3307    1929        -1.75166       0.2143     0.0001     0.0009
      3       0.0000  -0.2818  -0.3307    1930        -1.74626      -0.3240     0.0011    -0.0004
      4       0.0000  -0.2465  -0.3307    1929        -1.77856       0.2251    -0.0000     0.0015
      4       0.0000  -0.2465  -0.3307    1930        -1.77423      -0.3512     0.0009    -0.0001
      5       0.0000  -0.2113  -0.3307    1929        -1.80891       0.2001    -0.0008     0.0038
      5       0.0000  -0.2113  -0.3307    1930        -1.80650      -0.3391     0.0007    -0.0037
      6       0.0000  -0.1761  -0.3307    1929        -1.84018      -0.2800    -0.0043     0.0093
      6       0.0000  -0.1761  -0.3307    1930        -1.83923       0.1584     0.0043    -0.0093
      7       0.0000  -0.1409  -0.3307    1929        -1.87111      -0.2243    -0.0015     0.0020
      7       0.0000  -0.1409  -0.3307    1930        -1.86705       0.1105     0.0014    -0.0019
      8       0.0000  -0.1057  -0.3307    1929        -1.89780      -0.1841    -0.0009     0.0010
      8       0.0000  -0.1057  -0.3307    1930        -1.89047       0.0544     0.0008    -0.0006
      9       0.0000  -0.0704  -0.3307    1929        -1.91773      -0.1694    -0.0003     0.0004
      9       0.0000  -0.0704  -0.3307    1930        -1.90895      -0.0142     0.0010     0.0003
     10       0.0000  -0.0352  -0.3307    1929        -1.91982      -0.0334     0.0006     0.0000
     10       0.0000  -0.0352  -0.3307    1930        -1.91507      -0.1773     0.0015     0.0007
     11       0.0000   0.0000  -0.3307    1929        -1.90694       0.0057    -0.4983    -0.0469
     11       0.0000   0.0000  -0.3307    1930        -1.90690      -0.0063     0.4981     0.0465
     12       0.0000   0.0352  -0.3307    1929        -1.91981       0.0334    -0.0030    -0.0016
     12       0.0000   0.0352  -0.3307    1930        -1.91508       0.1773    -0.0028    -0.0003
     13       0.0000   0.0704  -0.3307    1929        -1.91771       0.1692    -0.0023    -0.0013
     13       0.0000   0.0704  -0.3307    1930        -1.90896       0.0145    -0.0035    -0.0007
     14       0.0000   0.1057  -0.3307    1929        -1.89777       0.1838    -0.0024    -0.0008
     14       0.0000   0.1057  -0.3307    1930        -1.89045      -0.0542     0.0020     0.0004
     15       0.0000   0.1409  -0.3307    1929        -1.87107       0.2238    -0.0035    -0.0004
     15       0.0000   0.1409  -0.3307    1930        -1.86702      -0.1099     0.0035     0.0001
     16       0.0000   0.1761  -0.3307    1929        -1.84014       0.2794    -0.0132     0.0022
     16       0.0000   0.1761  -0.3307    1930        -1.83920      -0.1576     0.0133    -0.0023
     17       0.0000   0.2113  -0.3307    1929        -1.80887      -0.1991    -0.0044     0.0020
     17       0.0000   0.2113  -0.3307    1930        -1.80645       0.3385     0.0047    -0.0020
     18       0.0000   0.2465  -0.3307    1929        -1.77852      -0.2238    -0.0014     0.0011
     18       0.0000   0.2465  -0.3307    1930        -1.77419       0.3501    -0.0003     0.0003
     19       0.0000   0.2818  -0.3307    1929        -1.75162      -0.2126    -0.0007     0.0008
     19       0.0000   0.2818  -0.3307    1930        -1.74623       0.3224    -0.0003    -0.0000
     20       0.0000   0.3170  -0.3307    1929        -1.73254      -0.1392    -0.0003     0.0007
     20       0.0000   0.3170  -0.3307    1930        -1.72594       0.2143    -0.0001    -0.0005
     21       0.0000   0.3522  -0.3307    1929        -1.72553       0.0014    -0.0001     0.0006
     21       0.0000   0.3522  -0.3307    1930        -1.71834      -0.0015     0.0004    -0.0008
# Print out the spin texture for bands in the energy range of:  [   -2.0000000eV,    2.0000000 eV]
# Reciprocal lattice vector unit: A^-1
#  k point #    kx       ky       kz     State #     Eigenvalue     sigma_x    sigma_y    sigma_z
      1       0.0000  -0.3522  -0.3133    1929        -1.73262       0.0013    -0.0001     0.0005
      1       0.0000  -0.3522  -0.3133    1930        -1.71835      -0.0016     0.0006    -0.0010
      2       0.0000  -0.3170  -0.3133    1929        -1.74123       0.2495    -0.0000     0.0006
      2       0.0000  -0.3170  -0.3133    1930        -1.72854      -0.3678     0.0014    -0.0008
      3       0.0000  -0.2818  -0.3133    1929        -1.76276       0.3347    -0.0001     0.0008
      3       0.0000  -0.2818  -0.3133    1930        -1.75246      -0.4691     0.0010     0.0000
      4       0.0000  -0.2465  -0.3133    1929        -1.79081       0.3319    -0.0005     0.0016
      4       0.0000  -0.2465  -0.3133    1930        -1.78497      -0.4797     0.0006    -0.0016
      5       0.0000  -0.2113  -0.3133    1929        -1.82088       0.2929    -0.0034     0.0060
      5       0.0000  -0.2113  -0.3133    1930        -1.81914      -0.4273     0.0034    -0.0061
      6       0.0000  -0.1761  -0.3133    1929        -1.85182      -0.3676    -0.0049     0.0064
      6       0.0000  -0.1761  -0.3133    1930        -1.84998       0.2372     0.0050    -0.0064
      7       0.0000  -0.1409  -0.3133    1929        -1.88140      -0.3063    -0.0023     0.0024
      7       0.0000  -0.1409  -0.3133    1930        -1.87613       0.1706     0.0022    -0.0023
      8       0.0000  -0.1057  -0.3133    1929        -1.90690      -0.2518    -0.0014     0.0012
      8       0.0000  -0.1057  -0.3133    1930        -1.89768       0.0820     0.0013    -0.0010
      9       0.0000  -0.0704  -0.3133    1929        -1.92511      -0.1760    -0.0006     0.0004
      9       0.0000  -0.0704  -0.3133    1930        -1.91139      -0.0781     0.0003    -0.0000
     10       0.0000  -0.0352  -0.3133    1929        -1.91991       0.1354     0.0004    -0.0001
     10       0.0000  -0.0352  -0.3133    1930        -1.91393      -0.2103     0.0004     0.0003
     11       0.0000   0.0000  -0.3133    1929        -1.90615       0.0761    -0.5143    -0.0495
     11       0.0000   0.0000  -0.3133    1930        -1.90612      -0.0767     0.5144     0.0491
     12       0.0000   0.0352  -0.3133    1929        -1.91990      -0.1355    -0.0029    -0.0017
     12       0.0000   0.0352  -0.3133    1930        -1.91393       0.2101    -0.0034    -0.0005
     13       0.0000   0.0704  -0.3133    1929        -1.92509       0.1760    -0.0022    -0.0016
     13       0.0000   0.0704  -0.3133    1930        -1.91136       0.0777     0.0022     0.0012
     14       0.0000   0.1057  -0.3133    1929        -1.90686       0.2516    -0.0022    -0.0012
     14       0.0000   0.1057  -0.3133    1930        -1.89765      -0.0820     0.0024     0.0011
     15       0.0000   0.1409  -0.3133    1929        -1.88136       0.3061    -0.0030    -0.0010
     15       0.0000   0.1409  -0.3133    1930        -1.87608      -0.1704     0.0031     0.0009
     16       0.0000   0.1761  -0.3133    1929        -1.85176       0.3674    -0.0069    -0.0006
     16       0.0000   0.1761  -0.3133    1930        -1.84993      -0.2369     0.0070     0.0005
     17       0.0000   0.2113  -0.3133    1929        -1.82083      -0.2925    -0.0056     0.0014
     17       0.0000   0.2113  -0.3133    1930        -1.81909       0.4271     0.0056    -0.0014
     18       0.0000   0.2465  -0.3133    1929        -1.79075      -0.3313    -0.0012     0.0009
     18       0.0000   0.2465  -0.3133    1930        -1.78491       0.4795     0.0012    -0.0009
     19       0.0000   0.2818  -0.3133    1929        -1.76270      -0.3338    -0.0005     0.0006
     19       0.0000   0.2818  -0.3133    1930        -1.75241       0.4689    -0.0001     0.0006
     20       0.0000   0.3170  -0.3133    1929        -1.74119      -0.2478    -0.0002     0.0005
     20       0.0000   0.3170  -0.3133    1930        -1.72849       0.3662    -0.0001    -0.0001
     21       0.0000   0.3522  -0.3133    1929        -1.73262       0.0013    -0.0001     0.0005
     21       0.0000   0.3522  -0.3133    1930        -1.71835      -0.0016     0.0006    -0.0010
# Print out the spin texture for bands in the energy range of:  [   -2.0000000eV,    2.0000000 eV]
# Reciprocal lattice vector unit: A^-1
#  k point #    kx       ky       kz     State #     Eigenvalue     sigma_x    sigma_y    sigma_z
      1       0.0000  -0.3522  -0.2959    1929        -1.74180       0.0012    -0.0000     0.0005
      1       0.0000  -0.3522  -0.2959    1930        -1.72064      -0.0016     0.0010    -0.0013
      2       0.0000  -0.3170  -0.2959    1929        -1.75234       0.3046    -0.0000     0.0005
      2       0.0000  -0.3170  -0.2959    1930        -1.73417      -0.4674     0.0026    -0.0008
      3       0.0000  -0.2818  -0.2959    1929        -1.77617       0.3699    -0.0002     0.0007
      3       0.0000  -0.2818  -0.2959    1930        -1.76471      -0.5518     0.0002    -0.0008
      4       0.0000  -0.2465  -0.2959    1929        -1.80495       0.3507    -0.0007     0.0015
      4       0.0000  -0.2465  -0.2959    1930        -1.79887      -0.5114     0.0008    -0.0016
      5       0.0000  -0.2113  -0.2959    1929        -1.83440       0.3037    -0.0050     0.0069
      5       0.0000  -0.2113  -0.2959    1930        -1.83275      -0.4618     0.0050    -0.0070
      6       0.0000  -0.1761  -0.2959    1929        -1.86433      -0.4060    -0.0054     0.0061
      6       0.0000  -0.1761  -0.2959    1930        -1.86206       0.2437     0.0054    -0.0061
      7       0.0000  -0.1409  -0.2959    1929        -1.89257      -0.3472    -0.0025     0.0024
      7       0.0000  -0.1409  -0.2959    1930        -1.88633       0.1709     0.0025    -0.0024
      8       0.0000  -0.1057  -0.2959    1929        -1.91684      -0.2883    -0.0015     0.0012
      8       0.0000  -0.1057  -0.2959    1930        -1.90566       0.0613     0.0015    -0.0011
      9       0.0000  -0.0704  -0.2959    1929        -1.93053      -0.0242    -0.0005     0.0002
      9       0.0000  -0.0704  -0.2959    1930        -1.91598      -0.1651     0.0004     0.0000
     10       0.0000  -0.0352  -0.2959    1929        -1.91593       0.2638     0.0005    -0.0007
     10       0.0000  -0.0352  -0.2959    1930        -1.91270      -0.2723    -0.0000    -0.0001
     11       0.0000   0.0000  -0.2959    1929        -1.90217       0.2203    -0.4072    -0.0591
     11       0.0000   0.0000  -0.2959    1930        -1.90214      -0.2206     0.4073     0.0588
     12       0.0000   0.0352  -0.2959    1929        -1.91591      -0.2638    -0.0031    -0.0019
     12       0.0000   0.0352  -0.2959    1930        -1.91270       0.2720    -0.0024    -0.0005
     13       0.0000   0.0704  -0.2959    1929        -1.93052       0.0244    -0.0020    -0.0017
     13       0.0000   0.0704  -0.2959    1930        -1.91595       0.1644     0.0022     0.0013
     14       0.0000   0.1057  -0.2959    1929        -1.91681       0.2881    -0.0019    -0.0013
     14       0.0000   0.1057  -0.2959    1930        -1.90562      -0.0615     0.0021     0.0012
     15       0.0000   0.1409  -0.2959    1929        -1.89253       0.3471    -0.0027    -0.0013
     15       0.0000   0.1409  -0.2959    1930        -1.88629      -0.1709     0.0028     0.0012
     16       0.0000   0.1761  -0.2959    1929        -1.86428       0.4059    -0.0057    -0.0015
     16       0.0000   0.1761  -0.2959    1930        -1.86200      -0.2436     0.0058     0.0015
     17       0.0000   0.2113  -0.2959    1929        -1.83434      -0.3035    -0.0058     0.0002
     17       0.0000   0.2113  -0.2959    1930        -1.83270       0.4617     0.0059    -0.0002
     18       0.0000   0.2465  -0.2959    1929        -1.80488      -0.3505    -0.0011     0.0005
     18       0.0000   0.2465  -0.2959    1930        -1.79881       0.5113     0.0011    -0.0006
     19       0.0000   0.2818  -0.2959    1929        -1.77610      -0.3694    -0.0004     0.0005
     19       0.0000   0.2818  -0.2959    1930        -1.76464       0.5516     0.0003    -0.0006
     20       0.0000   0.3170  -0.2959    1929        -1.75228      -0.3034    -0.0001     0.0004
     20       0.0000   0.3170  -0.2959    1930        -1.73412       0.4672    -0.0002     0.0006
     21       0.0000   0.3522  -0.2959    1929        -1.74180       0.0012    -0.0000     0.0005
     21       0.0000   0.3522  -0.2959    1930        -1.72064      -0.0016     0.0010    -0.0013
# Print out the spin texture for bands in the energy range of:  [   -2.0000000eV,    2.0000000 eV]
# Reciprocal lattice vector unit: A^-1
#  k point #    kx       ky       kz     State #     Eigenvalue     sigma_x    sigma_y    sigma_z
      1       0.0000  -0.3522  -0.2785    1929        -1.75275       0.0011     0.0000     0.0004
      1       0.0000  -0.3522  -0.2785    1930        -1.72499      -0.0017     0.0018    -0.0019
      2       0.0000  -0.3170  -0.2785    1929        -1.76506       0.3257    -0.0000     0.0004
      2       0.0000  -0.3170  -0.2785    1930        -1.74481      -0.5942     0.0002    -0.0006
      3       0.0000  -0.2818  -0.2785    1929        -1.79052       0.3696    -0.0002     0.0006
      3       0.0000  -0.2818  -0.2785    1930        -1.77827      -0.5681     0.0003    -0.0007
      4       0.0000  -0.2465  -0.2785    1929        -1.81943       0.3397    -0.0009     0.0015
      4       0.0000  -0.2465  -0.2785    1930        -1.81298      -0.5276     0.0009    -0.0015
      5       0.0000  -0.2113  -0.2785    1929        -1.84794       0.2887    -0.0060     0.0075
      5       0.0000  -0.2113  -0.2785    1930        -1.84629      -0.4802     0.0061    -0.0076
      6       0.0000  -0.1761  -0.2785    1929        -1.87670      -0.4284    -0.0055     0.0058
      6       0.0000  -0.1761  -0.2785    1930        -1.87405       0.2277     0.0055    -0.0058
      7       0.0000  -0.1409  -0.2785    1929        -1.90361      -0.3734    -0.0025     0.0023
      7       0.0000  -0.1409  -0.2785    1930        -1.89641       0.1515     0.0026    -0.0023
      8       0.0000  -0.1057  -0.2785    1929        -1.92642      -0.3055    -0.0015     0.0010
      8       0.0000  -0.1057  -0.2785    1930        -1.91323       0.0185     0.0015    -0.0010
      9       0.0000  -0.0704  -0.2785    1929        -1.92741       0.1879    -0.0002    -0.0004
      9       0.0000  -0.0704  -0.2785    1930        -1.91893      -0.2737     0.0004     0.0006
     10       0.0000  -0.0352  -0.2785    1929        -1.90976      -0.3415    -0.0000    -0.0005
     10       0.0000  -0.0352  -0.2785    1930        -1.90892       0.2963     0.0010    -0.0036
     11       0.0000   0.0000  -0.2785    1929        -1.89591       0.2781    -0.3016    -0.0836
     11       0.0000   0.0000  -0.2785    1930        -1.89588      -0.2779     0.3016     0.0834
     12       0.0000   0.0352  -0.2785    1929        -1.90977       0.3408    -0.0021     0.0005
     12       0.0000   0.0352  -0.2785    1930        -1.90890      -0.2956    -0.0047    -0.0038
     13       0.0000   0.0704  -0.2785    1929        -1.92740      -0.1879    -0.0021    -0.0017
     13       0.0000   0.0704  -0.2785    1930        -1.91890       0.2729     0.0024     0.0015
     14       0.0000   0.1057  -0.2785    1929        -1.92639       0.3054    -0.0016    -0.0012
     14       0.0000   0.1057  -0.2785    1930        -1.91319      -0.0188     0.0018     0.0011
     15       0.0000   0.1409  -0.2785    1929        -1.90356       0.3733    -0.0023    -0.0013
     15       0.0000   0.1409  -0.2785    1930        -1.89636      -0.1515     0.0024     0.0013
     16       0.0000   0.1761  -0.2785    1929        -1.87665       0.4283    -0.0050    -0.0019
     16       0.0000   0.1761  -0.2785    1930        -1.87399      -0.2276     0.0050     0.0018
     17       0.0000   0.2113  -0.2785    1929        -1.84788      -0.2886    -0.0059    -0.0007
     17       0.0000   0.2113  -0.2785    1930        -1.84623       0.4802     0.0059     0.0007
     18       0.0000   0.2465  -0.2785    1929        -1.81936      -0.3396    -0.0010     0.0003
     18       0.0000   0.2465  -0.2785    1930        -1.81292       0.5275     0.0010    -0.0003
     19       0.0000   0.2818  -0.2785    1929        -1.79045      -0.3693    -0.0003     0.0004
     19       0.0000   0.2818  -0.2785    1930        -1.77821       0.5680     0.0003    -0.0004
     20       0.0000   0.3170  -0.2785    1929        -1.76501      -0.3248    -0.0001     0.0004
     20       0.0000   0.3170  -0.2785    1930        -1.74474       0.5940    -0.0002    -0.0006
     21       0.0000   0.3522  -0.2785    1929        -1.75275       0.0011     0.0000     0.0004
     21       0.0000   0.3522  -0.2785    1930        -1.72499      -0.0017     0.0018    -0.0019
# Print out the spin texture for bands in the energy range of:  [   -2.0000000eV,    2.0000000 eV]
# Reciprocal lattice vector unit: A^-1
#  k point #    kx       ky       kz     State #     Eigenvalue     sigma_x    sigma_y    sigma_z
      1       0.0000  -0.3522  -0.2611    1929        -1.76510       0.0010     0.0000     0.0004
      1       0.0000  -0.3522  -0.2611    1930        -1.73110      -0.0016     0.0045    -0.0030
      2       0.0000  -0.3170  -0.2611    1929        -1.77878       0.3270    -0.0000     0.0004
      2       0.0000  -0.3170  -0.2611    1930        -1.75713      -0.6089     0.0002    -0.0005
      3       0.0000  -0.2818  -0.2611    1929        -1.80511       0.3546    -0.0002     0.0006
      3       0.0000  -0.2818  -0.2611    1930        -1.79208      -0.5799     0.0003    -0.0007
      4       0.0000  -0.2465  -0.2611    1929        -1.83364       0.3185    -0.0010     0.0015
      4       0.0000  -0.2465  -0.2611    1930        -1.82683      -0.5397     0.0010    -0.0016
      5       0.0000  -0.2113  -0.2611    1929        -1.86098       0.2664    -0.0068     0.0080
      5       0.0000  -0.2113  -0.2611    1930        -1.85928      -0.4949     0.0068    -0.0081
      6       0.0000  -0.1761  -0.2611    1929        -1.88843      -0.4472    -0.0055     0.0056
      6       0.0000  -0.1761  -0.2611    1930        -1.88547       0.2062     0.0055    -0.0056
      7       0.0000  -0.1409  -0.2611    1929        -1.91380      -0.3950    -0.0025     0.0022
      7       0.0000  -0.1409  -0.2611    1930        -1.90583       0.1268     0.0026    -0.0022
      8       0.0000  -0.1057  -0.2611    1929        -1.93224      -0.1938    -0.0015     0.0006
      8       0.0000  -0.1057  -0.2611    1930        -1.91973      -0.0397     0.0015    -0.0007
      9       0.0000  -0.0704  -0.2611    1929        -1.91962       0.2042    -0.0049    -0.0316
      9       0.0000  -0.0704  -0.2611    1930        -1.91935      -0.3759     0.0052     0.0317
     10       0.0000  -0.0352  -0.2611    1929        -1.90462      -0.3860    -0.0001    -0.0008
     10       0.0000  -0.0352  -0.2611    1930        -1.90165      -0.4524     0.0012    -0.0108
     11       0.0000   0.0000  -0.2611    1929        -1.88888       0.2314    -0.2580    -0.1137
     11       0.0000   0.0000  -0.2611    1930        -1.88885      -0.2309     0.2577     0.1135
     12       0.0000   0.0352  -0.2611    1929        -1.90463       0.3858    -0.0012     0.0001
     12       0.0000   0.0352  -0.2611    1930        -1.90165       0.4521    -0.0083    -0.0029
     13       0.0000   0.0704  -0.2611    1929        -1.91960      -0.2041    -0.0385    -0.0192
     13       0.0000   0.0704  -0.2611    1930        -1.91933       0.3752     0.0391     0.0186
     14       0.0000   0.1057  -0.2611    1929        -1.93222       0.1942    -0.0014    -0.0009
     14       0.0000   0.1057  -0.2611    1930        -1.91969       0.0392     0.0016     0.0010
     15       0.0000   0.1409  -0.2611    1929        -1.91376       0.3949    -0.0019    -0.0011
     15       0.0000   0.1409  -0.2611    1930        -1.90578      -0.1270     0.0021     0.0011
     16       0.0000   0.1761  -0.2611    1929        -1.88838       0.4472    -0.0044    -0.0019
     16       0.0000   0.1761  -0.2611    1930        -1.88541      -0.2063     0.0045     0.0019
     17       0.0000   0.2113  -0.2611    1929        -1.86091      -0.2664    -0.0058    -0.0014
     17       0.0000   0.2113  -0.2611    1930        -1.85923       0.4949     0.0059     0.0013
     18       0.0000   0.2465  -0.2611    1929        -1.83356      -0.3184    -0.0010     0.0001
     18       0.0000   0.2465  -0.2611    1930        -1.82677       0.5397     0.0010    -0.0001
     19       0.0000   0.2818  -0.2611    1929        -1.80504      -0.3544    -0.0003     0.0003
     19       0.0000   0.2818  -0.2611    1930        -1.79202       0.5798     0.0003    -0.0003
     20       0.0000   0.3170  -0.2611    1929        -1.77871      -0.3263    -0.0000     0.0003
     20       0.0000   0.3170  -0.2611    1930        -1.75707       0.6087    -0.0001    -0.0005
     21       0.0000   0.3522  -0.2611    1929        -1.76510       0.0010     0.0000     0.0004
     21       0.0000   0.3522  -0.2611    1930        -1.73110      -0.0016     0.0045    -0.0030
# Print out the spin texture for bands in the energy range of:  [   -2.0000000eV,    2.0000000 eV]
# Reciprocal lattice vector unit: A^-1
#  k point #    kx       ky       kz     State #     Eigenvalue     sigma_x    sigma_y    sigma_z
      1       0.0000  -0.3522  -0.2437    1929        -1.77845       0.0009     0.0001     0.0004
      1       0.0000  -0.3522  -0.2437    1930        -1.73997      -0.0041    -0.0002    -0.0036
      2       0.0000  -0.3170  -0.2437    1929        -1.79297       0.3169    -0.0000     0.0004
      2       0.0000  -0.3170  -0.2437    1930        -1.77000      -0.6214     0.0001    -0.0005
      3       0.0000  -0.2818  -0.2437    1929        -1.81952       0.3335    -0.0002     0.0006
      3       0.0000  -0.2818  -0.2437    1930        -1.80575      -0.5912     0.0003    -0.0007
      4       0.0000  -0.2465  -0.2437    1929        -1.84727       0.2946    -0.0011     0.0016
      4       0.0000  -0.2465  -0.2437    1930        -1.84009      -0.5524     0.0011    -0.0016
      5       0.0000  -0.2113  -0.2437    1929        -1.87328       0.2437    -0.0070     0.0081
      5       0.0000  -0.2113  -0.2437    1930        -1.87147      -0.5107     0.0070    -0.0081
      6       0.0000  -0.1761  -0.2437    1929        -1.89913      -0.4670    -0.0058     0.0058
      6       0.0000  -0.1761  -0.2437    1930        -1.89611       0.1860     0.0058    -0.0058
      7       0.0000  -0.1409  -0.2437    1929        -1.92213      -0.4036    -0.0027     0.0021
      7       0.0000  -0.1409  -0.2437    1930        -1.91433       0.1017     0.0027    -0.0021
      8       0.0000  -0.1057  -0.2437    1929        -1.92834       0.0011    -0.0033    -0.0001
      8       0.0000  -0.1057  -0.2437    1930        -1.92453      -0.1150     0.0035    -0.0000
      9       0.0000  -0.0704  -0.2437    1929        -1.91715      -0.2745     0.0009    -0.0012
      9       0.0000  -0.0704  -0.2437    1930        -1.91696      -0.3936    -0.0014    -0.0007
     10       0.0000  -0.0352  -0.2437    1929        -1.89784      -0.4070    -0.0002    -0.0010
     10       0.0000  -0.0352  -0.2437    1930        -1.89531      -0.4453    -0.0000    -0.0037
     11       0.0000   0.0000  -0.2437    1929        -1.88201       0.1635    -0.2336    -0.1475
     11       0.0000   0.0000  -0.2437    1930        -1.88198      -0.1629     0.2332     0.1474
     12       0.0000   0.0352  -0.2437    1929        -1.89785       0.4069    -0.0010     0.0002
     12       0.0000   0.0352  -0.2437    1930        -1.89531       0.4453    -0.0021    -0.0003
     13       0.0000   0.0704  -0.2437    1929        -1.91716       0.2754    -0.0020     0.0015
     13       0.0000   0.0704  -0.2437    1930        -1.91695       0.3912     0.0004    -0.0017
     14       0.0000   0.1057  -0.2437    1929        -1.92833      -0.0007    -0.0019    -0.0011
     14       0.0000   0.1057  -0.2437    1930        -1.92449       0.1143     0.0022     0.0011
     15       0.0000   0.1409  -0.2437    1929        -1.92209       0.4036    -0.0016    -0.0008
     15       0.0000   0.1409  -0.2437    1930        -1.91427      -0.1019     0.0018     0.0009
     16       0.0000   0.1761  -0.2437    1929        -1.89908       0.4669    -0.0040    -0.0018
     16       0.0000   0.1761  -0.2437    1930        -1.89605      -0.1861     0.0041     0.0018
     17       0.0000   0.2113  -0.2437    1929        -1.87321      -0.2437    -0.0053    -0.0016
     17       0.0000   0.2113  -0.2437    1930        -1.87142       0.5107     0.0054     0.0016
     18       0.0000   0.2465  -0.2437    1929        -1.84720      -0.2945    -0.0009     0.0000
     18       0.0000   0.2465  -0.2437    1930        -1.84004       0.5523     0.0009    -0.0000
     19       0.0000   0.2818  -0.2437    1929        -1.81944      -0.3333    -0.0003     0.0002
     19       0.0000   0.2818  -0.2437    1930        -1.80569       0.5912     0.0003    -0.0003
     20       0.0000   0.3170  -0.2437    1929        -1.79291      -0.3164    -0.0000     0.0003
     20       0.0000   0.3170  -0.2437    1930        -1.76994       0.6213    -0.0001    -0.0005
     21       0.0000   0.3522  -0.2437    1929        -1.77845       0.0009     0.0001     0.0004
     21       0.0000   0.3522  -0.2437    1930        -1.73997      -0.0041    -0.0002    -0.0036
# Print out the spin texture for bands in the energy range of:  [   -2.0000000eV,    2.0000000 eV]
# Reciprocal lattice vector unit: A^-1
#  k point #    kx       ky       kz     State #     Eigenvalue     sigma_x    sigma_y    sigma_z
      1       0.0000  -0.3522  -0.2263    1929        -1.79238       0.0009     0.0001     0.0004
      1       0.0000  -0.3522  -0.2263    1930        -1.75152      -0.0038    -0.0001    -0.0044
      2       0.0000  -0.3170  -0.2263    1929        -1.80724       0.3007     0.0000     0.0004
      2       0.0000  -0.3170  -0.2263    1930        -1.78303      -0.6341     0.0001    -0.0005
      3       0.0000  -0.2818  -0.2263    1929        -1.83346       0.3104    -0.0003     0.0006
      3       0.0000  -0.2818  -0.2263    1930        -1.81898      -0.6043     0.0003    -0.0007
      4       0.0000  -0.2465  -0.2263    1929        -1.86018       0.2715    -0.0011     0.0016
      4       0.0000  -0.2465  -0.2263    1930        -1.85256      -0.5677     0.0012    -0.0016
      5       0.0000  -0.2113  -0.2263    1929        -1.88476       0.2237    -0.0063     0.0072
      5       0.0000  -0.2113  -0.2263    1930        -1.88259      -0.5296     0.0063    -0.0072
      6       0.0000  -0.1761  -0.2263    1929        -1.90834      -0.4866    -0.0073     0.0070
      6       0.0000  -0.1761  -0.2263    1930        -1.90584       0.1697     0.0073    -0.0070
      7       0.0000  -0.1409  -0.2263    1929        -1.92651      -0.3509    -0.0041     0.0023
      7       0.0000  -0.1409  -0.2263    1930        -1.92161       0.0762     0.0042    -0.0025
      8       0.0000  -0.1057  -0.2263    1929        -1.92698      -0.2067    -0.0017    -0.0009
      8       0.0000  -0.1057  -0.2263    1930        -1.92110       0.0444     0.0017     0.0009
      9       0.0000  -0.0704  -0.2263    1929        -1.91330      -0.3493    -0.0000    -0.0005
      9       0.0000  -0.0704  -0.2263    1930        -1.91235      -0.4867    -0.0006    -0.0009
     10       0.0000  -0.0352  -0.2263    1929        -1.89014      -0.4176    -0.0002    -0.0011
     10       0.0000  -0.0352  -0.2263    1930        -1.88834      -0.4320    -0.0004    -0.0027
     11       0.0000   0.0000  -0.2263    1929        -1.87553       0.1029    -0.2186    -0.1782
     11       0.0000   0.0000  -0.2263    1930        -1.87550      -0.1025     0.2185     0.1782
     12       0.0000   0.0352  -0.2263    1929        -1.89015       0.4177    -0.0010     0.0003
     12       0.0000   0.0352  -0.2263    1930        -1.88835       0.4321    -0.0015    -0.0001
     13       0.0000   0.0704  -0.2263    1929        -1.91330       0.3489    -0.0007     0.0003
     13       0.0000   0.0704  -0.2263    1930        -1.91235       0.4860    -0.0003    -0.0002
     14       0.0000   0.1057  -0.2263    1929        -1.92694       0.2058    -0.0004     0.0001
     14       0.0000   0.1057  -0.2263    1930        -1.92109      -0.0442     0.0006    -0.0003
     15       0.0000   0.1409  -0.2263    1929        -1.92648       0.3512    -0.0015    -0.0003
     15       0.0000   0.1409  -0.2263    1930        -1.92155      -0.0765     0.0016     0.0005
     16       0.0000   0.1761  -0.2263    1929        -1.90830       0.4866    -0.0040    -0.0017
     16       0.0000   0.1761  -0.2263    1930        -1.90578      -0.1699     0.0041     0.0017
     17       0.0000   0.2113  -0.2263    1929        -1.88469      -0.2237    -0.0041    -0.0013
     17       0.0000   0.2113  -0.2263    1930        -1.88255       0.5296     0.0042     0.0013
     18       0.0000   0.2465  -0.2263    1929        -1.86010      -0.2714    -0.0008    -0.0000
     18       0.0000   0.2465  -0.2263    1930        -1.85251       0.5677     0.0009     0.0000
     19       0.0000   0.2818  -0.2263    1929        -1.83338      -0.3103    -0.0002     0.0002
     19       0.0000   0.2818  -0.2263    1930        -1.81893       0.6043     0.0002    -0.0002
     20       0.0000   0.3170  -0.2263    1929        -1.80718      -0.3003     0.0000     0.0003
     20       0.0000   0.3170  -0.2263    1930        -1.78297       0.6340    -0.0001    -0.0004
     21       0.0000   0.3522  -0.2263    1929        -1.79238       0.0009     0.0001     0.0004
     21       0.0000   0.3522  -0.2263    1930        -1.75152      -0.0038    -0.0001    -0.0044
# Print out the spin texture for bands in the energy range of:  [   -2.0000000eV,    2.0000000 eV]
# Reciprocal lattice vector unit: A^-1
#  k point #    kx       ky       kz     State #     Eigenvalue     sigma_x    sigma_y    sigma_z
      1       0.0000  -0.3522  -0.2089    1929        -1.80649       0.0008     0.0001     0.0003
      1       0.0000  -0.3522  -0.2089    1930        -1.76366      -0.0034    -0.0001    -0.0053
      2       0.0000  -0.3170  -0.2089    1929        -1.82126       0.2816     0.0000     0.0004
      2       0.0000  -0.3170  -0.2089    1930        -1.79588      -0.6483     0.0001    -0.0005
      3       0.0000  -0.2818  -0.2089    1929        -1.84675       0.2878    -0.0003     0.0007
      3       0.0000  -0.2818  -0.2089    1930        -1.83153      -0.6203     0.0003    -0.0007
      4       0.0000  -0.2465  -0.2089    1929        -1.87225       0.2509    -0.0011     0.0016
      4       0.0000  -0.2465  -0.2089    1930        -1.86402      -0.5866     0.0011    -0.0016
      5       0.0000  -0.2113  -0.2089    1929        -1.89534       0.2082    -0.0048     0.0055
      5       0.0000  -0.2113  -0.2089    1930        -1.89241      -0.5513     0.0049    -0.0055
      6       0.0000  -0.1761  -0.2089    1929        -1.91542      -0.4961    -0.0211     0.0184
      6       0.0000  -0.1761  -0.2089    1930        -1.91455       0.1588     0.0211    -0.0184
      7       0.0000  -0.1409  -0.2089    1929        -1.92732       0.0472    -0.0094     0.0023
      7       0.0000  -0.1409  -0.2089    1930        -1.92552      -0.2376     0.0094    -0.0025
      8       0.0000  -0.1057  -0.2089    1929        -1.92658      -0.3007    -0.0008    -0.0005
      8       0.0000  -0.1057  -0.2089    1930        -1.92273       0.0350    -0.0001    -0.0003
      9       0.0000  -0.0704  -0.2089    1929        -1.90699      -0.4253    -0.0001    -0.0006
      9       0.0000  -0.0704  -0.2089    1930        -1.90610      -0.5045    -0.0006    -0.0007
     10       0.0000  -0.0352  -0.2089    1929        -1.88200      -0.4255    -0.0003    -0.0014
     10       0.0000  -0.0352  -0.2089    1930        -1.88114      -0.4227    -0.0007    -0.0022
     11       0.0000   0.0000  -0.2089    1929        -1.86934       0.0368    -0.2192    -0.1929
     11       0.0000   0.0000  -0.2089    1930        -1.86932      -0.0365     0.2191     0.1930
     12       0.0000   0.0352  -0.2089    1929        -1.88201       0.4256    -0.0011     0.0006
     12       0.0000   0.0352  -0.2089    1930        -1.88114       0.4228    -0.0013    -0.0004
     13       0.0000   0.0704  -0.2089    1929        -1.90700       0.4251    -0.0007     0.0003
     13       0.0000   0.0704  -0.2089    1930        -1.90610       0.5040    -0.0003    -0.0001
     14       0.0000   0.1057  -0.2089    1929        -1.92656       0.2996    -0.0002     0.0001
     14       0.0000   0.1057  -0.2089    1930        -1.92271      -0.0359     0.0001     0.0007
     15       0.0000   0.1409  -0.2089    1929        -1.92727      -0.0477    -0.0006     0.0016
     15       0.0000   0.1409  -0.2089    1930        -1.92550       0.2381     0.0008    -0.0014
     16       0.0000   0.1761  -0.2089    1929        -1.91538       0.4963    -0.0076    -0.0018
     16       0.0000   0.1761  -0.2089    1930        -1.91449      -0.1591     0.0077     0.0019
     17       0.0000   0.2113  -0.2089    1929        -1.89527      -0.2083    -0.0025    -0.0008
     17       0.0000   0.2113  -0.2089    1930        -1.89237       0.5513     0.0026     0.0008
     18       0.0000   0.2465  -0.2089    1929        -1.87218      -0.2509    -0.0007    -0.0000
     18       0.0000   0.2465  -0.2089    1930        -1.86398       0.5866     0.0007     0.0001
     19       0.0000   0.2818  -0.2089    1929        -1.84668      -0.2877    -0.0002     0.0001
     19       0.0000   0.2818  -0.2089    1930        -1.83148       0.6203     0.0002    -0.0002
     20       0.0000   0.3170  -0.2089    1929        -1.82120      -0.2812     0.0000     0.0002
     20       0.0000   0.3170  -0.2089    1930        -1.79583       0.6483    -0.0001    -0.0004
     21       0.0000   0.3522  -0.2089    1929        -1.80649       0.0008     0.0001     0.0003
     21       0.0000   0.3522  -0.2089    1930        -1.76366      -0.0034    -0.0001    -0.0053
# Print out the spin texture for bands in the energy range of:  [   -2.0000000eV,    2.0000000 eV]
# Reciprocal lattice vector unit: A^-1
#  k point #    kx       ky       kz     State #     Eigenvalue     sigma_x    sigma_y    sigma_z
      1       0.0000  -0.3522  -0.1915    1929        -1.82040       0.0007     0.0001     0.0003
      1       0.0000  -0.3522  -0.1915    1930        -1.77596      -0.0029    -0.0001    -0.0065
      2       0.0000  -0.3170  -0.1915    1929        -1.83475       0.2619     0.0000     0.0004
      2       0.0000  -0.3170  -0.1915    1930        -1.80826      -0.6651     0.0001    -0.0005
      3       0.0000  -0.2818  -0.1915    1929        -1.85925       0.2672    -0.0003     0.0007
      3       0.0000  -0.2818  -0.1915    1930        -1.84320      -0.6399     0.0003    -0.0007
      4       0.0000  -0.2465  -0.1915    1929        -1.88343       0.2343    -0.0010     0.0015
      4       0.0000  -0.2465  -0.1915    1930        -1.87431      -0.6091     0.0011    -0.0015
      5       0.0000  -0.2113  -0.1915    1929        -1.90496       0.1986    -0.0033     0.0037
      5       0.0000  -0.2113  -0.1915    1930        -1.90065      -0.5729     0.0033    -0.0037
      6       0.0000  -0.1761  -0.1915    1929        -1.92207       0.1540    -0.0070     0.0050
      6       0.0000  -0.1761  -0.1915    1930        -1.91961      -0.4771     0.0071    -0.0051
      7       0.0000  -0.1409  -0.1915    1929        -1.93103       0.0093    -0.0015    -0.0003
      7       0.0000  -0.1409  -0.1915    1930        -1.92127      -0.1510     0.0015     0.0001
      8       0.0000  -0.1057  -0.1915    1929        -1.92343      -0.3740    -0.0005    -0.0005
      8       0.0000  -0.1057  -0.1915    1930        -1.92263      -0.1579    -0.0004    -0.0001
      9       0.0000  -0.0704  -0.1915    1929        -1.89933      -0.4684    -0.0001    -0.0007
      9       0.0000  -0.0704  -0.1915    1930        -1.89885      -0.5113    -0.0007    -0.0005
     10       0.0000  -0.0352  -0.1915    1929        -1.87398      -0.4222    -0.0007    -0.0034
     10       0.0000  -0.0352  -0.1915    1930        -1.87366      -0.4316    -0.0007    -0.0003
     11       0.0000   0.0000  -0.1915    1929        -1.86332      -0.0376    -0.2258    -0.1908
     11       0.0000   0.0000  -0.1915    1930        -1.86330       0.0378     0.2257     0.1909
     12       0.0000   0.0352  -0.1915    1929        -1.87398       0.4225    -0.0026     0.0026
     12       0.0000   0.0352  -0.1915    1930        -1.87367       0.4314    -0.0001    -0.0025
     13       0.0000   0.0704  -0.1915    1929        -1.89934       0.4684    -0.0009     0.0005
     13       0.0000   0.0704  -0.1915    1930        -1.89885       0.5108    -0.0001    -0.0003
     14       0.0000   0.1057  -0.1915    1929        -1.92341       0.3724    -0.0005     0.0001
     14       0.0000   0.1057  -0.1915    1930        -1.92262       0.1574     0.0002     0.0003
     15       0.0000   0.1409  -0.1915    1929        -1.93098      -0.0099     0.0002     0.0006
     15       0.0000   0.1409  -0.1915    1930        -1.92127       0.1512    -0.0002    -0.0006
     16       0.0000   0.1761  -0.1915    1929        -1.92201      -0.1542    -0.0009     0.0009
     16       0.0000   0.1761  -0.1915    1930        -1.91959       0.4772     0.0010    -0.0007
     17       0.0000   0.2113  -0.1915    1929        -1.90490      -0.1987    -0.0012    -0.0002
     17       0.0000   0.2113  -0.1915    1930        -1.90061       0.5729     0.0013     0.0002
     18       0.0000   0.2465  -0.1915    1929        -1.88336      -0.2343    -0.0005    -0.0000
     18       0.0000   0.2465  -0.1915    1930        -1.87427       0.6091     0.0005     0.0000
     19       0.0000   0.2818  -0.1915    1929        -1.85917      -0.2671    -0.0001     0.0001
     19       0.0000   0.2818  -0.1915    1930        -1.84316       0.6398     0.0002    -0.0002
     20       0.0000   0.3170  -0.1915    1929        -1.83469      -0.2615     0.0001     0.0002
     20       0.0000   0.3170  -0.1915    1930        -1.80821       0.6650    -0.0001    -0.0004
     21       0.0000   0.3522  -0.1915    1929        -1.82040       0.0007     0.0001     0.0003
     21       0.0000   0.3522  -0.1915    1930        -1.77596      -0.0029    -0.0001    -0.0065
# Print out the spin texture for bands in the energy range of:  [   -2.0000000eV,    2.0000000 eV]
# Reciprocal lattice vector unit: A^-1
#  k point #    kx       ky       kz     State #     Eigenvalue     sigma_x    sigma_y    sigma_z
      1       0.0000  -0.3522  -0.1741    1929        -1.83374       0.0006     0.0001     0.0003
      1       0.0000  -0.3522  -0.1741    1930        -1.78805      -0.0025    -0.0001    -0.0084
      2       0.0000  -0.3170  -0.1741    1929        -1.84748       0.2433     0.0000     0.0004
      2       0.0000  -0.3170  -0.1741    1930        -1.81991      -0.6846     0.0001    -0.0005
      3       0.0000  -0.2818  -0.1741    1929        -1.87083       0.2497    -0.0003     0.0007
      3       0.0000  -0.2818  -0.1741    1930        -1.85381      -0.6629     0.0003    -0.0007
      4       0.0000  -0.2465  -0.1741    1929        -1.89365       0.2226    -0.0009     0.0014
      4       0.0000  -0.2465  -0.1741    1930        -1.88326      -0.6340     0.0010    -0.0014
      5       0.0000  -0.2113  -0.1741    1929        -1.91355       0.1959    -0.0021     0.0022
      5       0.0000  -0.2113  -0.1741    1930        -1.90703      -0.5881     0.0022    -0.0023
      6       0.0000  -0.1761  -0.1741    1929        -1.92816       0.1540    -0.0021     0.0008
      6       0.0000  -0.1761  -0.1741    1930        -1.92071      -0.4228     0.0021    -0.0010
      7       0.0000  -0.1409  -0.1741    1929        -1.93229      -0.0420    -0.0009    -0.0003
      7       0.0000  -0.1409  -0.1741    1930        -1.92482       0.2340     0.0001    -0.0008
      8       0.0000  -0.1057  -0.1741    1929        -1.91885      -0.3306    -0.0002    -0.0003
      8       0.0000  -0.1057  -0.1741    1930        -1.91811      -0.4264    -0.0009    -0.0002
      9       0.0000  -0.0704  -0.1741    1929        -1.89119      -0.5104    -0.0002    -0.0009
      9       0.0000  -0.0704  -0.1741    1930        -1.89094      -0.4994    -0.0007    -0.0002
     10       0.0000  -0.0352  -0.1741    1929        -1.86678      -0.4236    -0.0016    -0.0037
     10       0.0000  -0.0352  -0.1741    1930        -1.86549      -0.4424    -0.0006    -0.0004
     11       0.0000   0.0000  -0.1741    1929        -1.85740      -0.1123    -0.2293    -0.1761
     11       0.0000   0.0000  -0.1741    1930        -1.85738       0.1125     0.2293     0.1761
     12       0.0000   0.0352  -0.1741    1929        -1.86678       0.4237    -0.0033     0.0009
     12       0.0000   0.0352  -0.1741    1930        -1.86549       0.4419    -0.0001    -0.0022
     13       0.0000   0.0704  -0.1741    1929        -1.89120       0.5099    -0.0015     0.0009
     13       0.0000   0.0704  -0.1741    1930        -1.89094       0.4997     0.0003    -0.0008
     14       0.0000   0.1057  -0.1741    1929        -1.91885       0.3301    -0.0006     0.0002
     14       0.0000   0.1057  -0.1741    1930        -1.91810       0.4253     0.0000    -0.0000
     15       0.0000   0.1409  -0.1741    1929        -1.93225       0.0413     0.0001     0.0003
     15       0.0000   0.1409  -0.1741    1930        -1.92477      -0.2343     0.0007     0.0018
     16       0.0000   0.1761  -0.1741    1929        -1.92810      -0.1542     0.0004     0.0008
     16       0.0000   0.1761  -0.1741    1930        -1.92070       0.4231    -0.0003    -0.0006
     17       0.0000   0.2113  -0.1741    1929        -1.91348      -0.1960    -0.0003     0.0002
     17       0.0000   0.2113  -0.1741    1930        -1.90700       0.5881     0.0004    -0.0001
     18       0.0000   0.2465  -0.1741    1929        -1.89358      -0.2226    -0.0003     0.0001
     18       0.0000   0.2465  -0.1741    1930        -1.88323       0.6339     0.0003    -0.0000
     19       0.0000   0.2818  -0.1741    1929        -1.87076      -0.2496    -0.0001     0.0002
     19       0.0000   0.2818  -0.1741    1930        -1.85377       0.6628     0.0001    -0.0002
     20       0.0000   0.3170  -0.1741    1929        -1.84742      -0.2429     0.0001     0.0002
     20       0.0000   0.3170  -0.1741    1930        -1.81987       0.6846    -0.0001    -0.0004
     21       0.0000   0.3522  -0.1741    1929        -1.83374       0.0006     0.0001     0.0003
     21       0.0000   0.3522  -0.1741    1930        -1.78805      -0.0025    -0.0001    -0.0084
# Print out the spin texture for bands in the energy range of:  [   -2.0000000eV,    2.0000000 eV]
# Reciprocal lattice vector unit: A^-1
#  k point #    kx       ky       kz     State #     Eigenvalue     sigma_x    sigma_y    sigma_z
      1       0.0000  -0.3522  -0.1567    1929        -1.84618       0.0006     0.0002     0.0003
      1       0.0000  -0.3522  -0.1567    1930        -1.79959      -0.0021    -0.0001    -0.0144
      2       0.0000  -0.3170  -0.1567    1929        -1.85923       0.2271     0.0000     0.0004
      2       0.0000  -0.3170  -0.1567    1930        -1.83064      -0.7071     0.0001    -0.0005
      3       0.0000  -0.2818  -0.1567    1929        -1.88138       0.2362    -0.0003     0.0007
      3       0.0000  -0.2818  -0.1567    1930        -1.86323      -0.6887     0.0003    -0.0007
      4       0.0000  -0.2465  -0.1567    1929        -1.90283       0.2166    -0.0008     0.0012
      4       0.0000  -0.2465  -0.1567    1930        -1.89076      -0.6585     0.0008    -0.0012
      5       0.0000  -0.2113  -0.1567    1929        -1.92097       0.2010    -0.0014     0.0012
      5       0.0000  -0.2113  -0.1567    1930        -1.91141      -0.5890     0.0014    -0.0013
      6       0.0000  -0.1761  -0.1567    1929        -1.93252       0.1554    -0.0011    -0.0000
      6       0.0000  -0.1761  -0.1567    1930        -1.91945      -0.3535     0.0011    -0.0002
      7       0.0000  -0.1409  -0.1567    1929        -1.93097      -0.1033    -0.0007    -0.0003
      7       0.0000  -0.1409  -0.1567    1930        -1.92870       0.1362     0.0003    -0.0009
      8       0.0000  -0.1057  -0.1567    1929        -1.91255      -0.4310    -0.0003    -0.0002
      8       0.0000  -0.1057  -0.1567    1930        -1.91148      -0.4609    -0.0008    -0.0002
      9       0.0000  -0.0704  -0.1567    1929        -1.88317      -0.5236    -0.0006    -0.0007
      9       0.0000  -0.0704  -0.1567    1930        -1.88253      -0.5081    -0.0005    -0.0004
     10       0.0000  -0.0352  -0.1567    1929        -1.85973      -0.4308    -0.0049    -0.0082
     10       0.0000  -0.0352  -0.1567    1930        -1.85909       0.2400     0.0048     0.0084
     11       0.0000   0.0000  -0.1567    1929        -1.85156      -0.1785    -0.2267    -0.1559
     11       0.0000   0.0000  -0.1567    1930        -1.85154       0.1786     0.2266     0.1559
     12       0.0000   0.0352  -0.1567    1929        -1.85973       0.4309    -0.0090     0.0008
     12       0.0000   0.0352  -0.1567    1930        -1.85910      -0.2398     0.0090    -0.0011
     13       0.0000   0.0704  -0.1567    1929        -1.88318       0.5235    -0.0012     0.0004
     13       0.0000   0.0704  -0.1567    1930        -1.88254       0.5081    -0.0001    -0.0003
     14       0.0000   0.1057  -0.1567    1929        -1.91255       0.4306    -0.0006     0.0001
     14       0.0000   0.1057  -0.1567    1930        -1.91147       0.4602    -0.0001    -0.0001
     15       0.0000   0.1409  -0.1567    1929        -1.93093       0.1024    -0.0001     0.0001
     15       0.0000   0.1409  -0.1567    1930        -1.92866      -0.1367     0.0008     0.0017
     16       0.0000   0.1761  -0.1567    1929        -1.93246      -0.1557     0.0004     0.0007
     16       0.0000   0.1761  -0.1567    1930        -1.91944       0.3538    -0.0004    -0.0005
     17       0.0000   0.2113  -0.1567    1929        -1.92091      -0.2011     0.0002     0.0005
     17       0.0000   0.2113  -0.1567    1930        -1.91139       0.5891    -0.0001    -0.0003
     18       0.0000   0.2465  -0.1567    1929        -1.90276      -0.2166    -0.0000     0.0002
     18       0.0000   0.2465  -0.1567    1930        -1.89073       0.6585     0.0001    -0.0001
     19       0.0000   0.2818  -0.1567    1929        -1.88131      -0.2361     0.0000     0.0002
     19       0.0000   0.2818  -0.1567    1930        -1.86320       0.6887     0.0000    -0.0002
     20       0.0000   0.3170  -0.1567    1929        -1.85917      -0.2267     0.0001     0.0002
     20       0.0000   0.3170  -0.1567    1930        -1.83060       0.7071    -0.0001    -0.0003
     21       0.0000   0.3522  -0.1567    1929        -1.84618       0.0006     0.0002     0.0003
     21       0.0000   0.3522  -0.1567    1930        -1.79959      -0.0021    -0.0001    -0.0144
# Print out the spin texture for bands in the energy range of:  [   -2.0000000eV,    2.0000000 eV]
# Reciprocal lattice vector unit: A^-1
#  k point #    kx       ky       kz     State #     Eigenvalue     sigma_x    sigma_y    sigma_z
      1       0.0000  -0.3522  -0.1392    1929        -1.85740       0.0005     0.0002     0.0003
      1       0.0000  -0.3522  -0.1392    1930        -1.81039      -0.0005    -0.0004    -0.1040
      2       0.0000  -0.3170  -0.1392    1929        -1.86979       0.2143     0.0000     0.0004
      2       0.0000  -0.3170  -0.1392    1930        -1.84027      -0.7321     0.0001    -0.0005
      3       0.0000  -0.2818  -0.1392    1929        -1.89076       0.2271    -0.0003     0.0006
      3       0.0000  -0.2818  -0.1392    1930        -1.87137      -0.7158     0.0003    -0.0007
      4       0.0000  -0.2465  -0.1392    1929        -1.91085       0.2169    -0.0006     0.0009
      4       0.0000  -0.2465  -0.1392    1930        -1.89674      -0.6791     0.0007    -0.0010
      5       0.0000  -0.2113  -0.1392    1929        -1.92705       0.2138    -0.0009     0.0006
      5       0.0000  -0.2113  -0.1392    1930        -1.91389      -0.5716     0.0010    -0.0007
      6       0.0000  -0.1761  -0.1392    1929        -1.93473      -0.3493    -0.0002     0.0006
      6       0.0000  -0.1761  -0.1392    1930        -1.92268       0.3055    -0.0006    -0.0005
      7       0.0000  -0.1409  -0.1392    1929        -1.92969      -0.0490     0.0001    -0.0006
      7       0.0000  -0.1409  -0.1392    1930        -1.92745      -0.1653    -0.0008    -0.0001
      8       0.0000  -0.1057  -0.1392    1929        -1.90514      -0.4847    -0.0003    -0.0002
      8       0.0000  -0.1057  -0.1392    1930        -1.90417      -0.4839    -0.0008    -0.0001
      9       0.0000  -0.0704  -0.1393    1929        -1.87525      -0.5294    -0.0008    -0.0007
      9       0.0000  -0.0704  -0.1393    1930        -1.87420      -0.5205    -0.0004    -0.0004
     10       0.0000  -0.0352  -0.1393    1929        -1.85353       0.2583    -0.0048    -0.0064
     10       0.0000  -0.0352  -0.1393    1930        -1.85288      -0.4403     0.0048     0.0065
     11       0.0000   0.0000  -0.1393    1929        -1.84584      -0.2323    -0.2192    -0.1359
     11       0.0000   0.0000  -0.1393    1930        -1.84582       0.2324     0.2191     0.1359
     12       0.0000   0.0352  -0.1393    1929        -1.85354      -0.2581    -0.0083    -0.0004
     12       0.0000   0.0352  -0.1393    1930        -1.85287       0.4403     0.0082     0.0003
     13       0.0000   0.0704  -0.1393    1929        -1.87525       0.5294    -0.0014     0.0002
     13       0.0000   0.0704  -0.1393    1930        -1.87420       0.5205    -0.0002    -0.0002
     14       0.0000   0.1057  -0.1393    1929        -1.90515       0.4844    -0.0007     0.0000
     14       0.0000   0.1057  -0.1393    1930        -1.90416       0.4834    -0.0001    -0.0001
     15       0.0000   0.1409  -0.1393    1929        -1.92966       0.0481     0.0003     0.0010
     15       0.0000   0.1409  -0.1393    1930        -1.92742       0.1644     0.0000     0.0001
     16       0.0000   0.1761  -0.1393    1929        -1.93473       0.2829     0.0016    -0.0009
     16       0.0000   0.1761  -0.1393    1930        -1.92263      -0.3056     0.0012     0.0028
     17       0.0000   0.2113  -0.1393    1929        -1.92699      -0.2139     0.0004     0.0006
     17       0.0000   0.2113  -0.1393    1930        -1.91387       0.5718    -0.0004    -0.0004
     18       0.0000   0.2465  -0.1393    1929        -1.91079      -0.2169     0.0002     0.0003
     18       0.0000   0.2465  -0.1393    1930        -1.89672       0.6792    -0.0001    -0.0002
     19       0.0000   0.2818  -0.1393    1929        -1.89070      -0.2271     0.0001     0.0002
     19       0.0000   0.2818  -0.1393    1930        -1.87134       0.7158    -0.0001    -0.0002
     20       0.0000   0.3170  -0.1393    1929        -1.86973      -0.2140     0.0001     0.0002
     20       0.0000   0.3170  -0.1393    1930        -1.84024       0.7321    -0.0002    -0.0003
     21       0.0000   0.3522  -0.1393    1929        -1.85740       0.0005     0.0002     0.0003
     21       0.0000   0.3522  -0.1393    1930        -1.81039      -0.0005    -0.0004    -0.1040
# Print out the spin texture for bands in the energy range of:  [   -2.0000000eV,    2.0000000 eV]
# Reciprocal lattice vector unit: A^-1
#  k point #    kx       ky       kz     State #     Eigenvalue     sigma_x    sigma_y    sigma_z
      1       0.0000  -0.3522  -0.1218    1929        -1.86710       0.0005     0.0002     0.0003
      1       0.0000  -0.3522  -0.1218    1930        -1.82167      -0.0004    -0.0004    -0.0070
      2       0.0000  -0.3170  -0.1218    1929        -1.87893       0.2057     0.0000     0.0004
      2       0.0000  -0.3170  -0.1218    1930        -1.84868      -0.7587     0.0001    -0.0005
      3       0.0000  -0.2818  -0.1218    1929        -1.89885       0.2229    -0.0002     0.0006
      3       0.0000  -0.2818  -0.1218    1930        -1.87818      -0.7422     0.0003    -0.0006
      4       0.0000  -0.2465  -0.1218    1929        -1.91758       0.2237    -0.0005     0.0007
      4       0.0000  -0.2465  -0.1218    1930        -1.90126      -0.6924     0.0006    -0.0007
      5       0.0000  -0.2113  -0.1218    1929        -1.93156       0.2324    -0.0007     0.0002
      5       0.0000  -0.2113  -0.1218    1930        -1.91484      -0.5392     0.0007    -0.0003
      6       0.0000  -0.1761  -0.1218    1929        -1.93463      -0.5043    -0.0009     0.0024
      6       0.0000  -0.1761  -0.1218    1930        -1.92819       0.2833     0.0005    -0.0024
      7       0.0000  -0.1409  -0.1218    1929        -1.92701      -0.2485    -0.0002    -0.0001
      7       0.0000  -0.1409  -0.1218    1930        -1.92249      -0.2196    -0.0008    -0.0000
      8       0.0000  -0.1057  -0.1218    1929        -1.89748      -0.5157    -0.0003    -0.0001
      8       0.0000  -0.1057  -0.1218    1930        -1.89668      -0.5014    -0.0008    -0.0001
      9       0.0000  -0.0704  -0.1218    1929        -1.86757      -0.5352    -0.0013    -0.0010
      9       0.0000  -0.0704  -0.1218    1930        -1.86619      -0.5310    -0.0004    -0.0005
     10       0.0000  -0.0352  -0.1218    1929        -1.84830       0.2761    -0.0015    -0.0016
     10       0.0000  -0.0352  -0.1218    1930        -1.84628      -0.4502     0.0014     0.0017
     11       0.0000   0.0000  -0.1218    1929        -1.84030      -0.2745    -0.2093    -0.1187
     11       0.0000   0.0000  -0.1218    1930        -1.84028       0.2746     0.2092     0.1187
     12       0.0000   0.0352  -0.1218    1929        -1.84831      -0.2760    -0.0026    -0.0004
     12       0.0000   0.0352  -0.1218    1930        -1.84627       0.4503     0.0026     0.0003
     13       0.0000   0.0704  -0.1218    1929        -1.86757       0.5352    -0.0022     0.0001
     13       0.0000   0.0704  -0.1218    1930        -1.86620       0.5310    -0.0001    -0.0003
     14       0.0000   0.1057  -0.1218    1929        -1.89748       0.5156    -0.0008    -0.0000
     14       0.0000   0.1057  -0.1218    1930        -1.89667       0.5011    -0.0000    -0.0001
     15       0.0000   0.1409  -0.1218    1929        -1.92700       0.2477    -0.0000     0.0004
     15       0.0000   0.1409  -0.1218    1930        -1.92246       0.2189    -0.0000    -0.0000
     16       0.0000   0.1761  -0.1218    1929        -1.93462       0.4997    -0.0003    -0.0037
     16       0.0000   0.1761  -0.1218    1930        -1.92814      -0.2834     0.0020     0.0044
     17       0.0000   0.2113  -0.1218    1929        -1.93151      -0.2325     0.0005     0.0006
     17       0.0000   0.2113  -0.1218    1930        -1.91484       0.5394    -0.0005    -0.0004
     18       0.0000   0.2465  -0.1218    1929        -1.91752      -0.2237     0.0003     0.0003
     18       0.0000   0.2465  -0.1218    1930        -1.90124       0.6925    -0.0003    -0.0002
     19       0.0000   0.2818  -0.1218    1929        -1.89878      -0.2229     0.0002     0.0002
     19       0.0000   0.2818  -0.1218    1930        -1.87816       0.7422    -0.0002    -0.0002
     20       0.0000   0.3170  -0.1218    1929        -1.87888      -0.2055     0.0002     0.0002
     20       0.0000   0.3170  -0.1218    1930        -1.84866       0.7587    -0.0002    -0.0003
     21       0.0000   0.3522  -0.1219    1929        -1.86710       0.0005     0.0002     0.0003
     21       0.0000   0.3522  -0.1219    1930        -1.82167      -0.0004    -0.0004    -0.0070
# Print out the spin texture for bands in the energy range of:  [   -2.0000000eV,    2.0000000 eV]
# Reciprocal lattice vector unit: A^-1
#  k point #    kx       ky       kz     State #     Eigenvalue     sigma_x    sigma_y    sigma_z
      1       0.0000  -0.3522  -0.1044    1929        -1.87499       0.0004     0.0002     0.0003
      1       0.0000  -0.3522  -0.1044    1930        -1.83225      -0.0003    -0.0004    -0.0028
      2       0.0000  -0.3170  -0.1044    1929        -1.88646       0.2020     0.0000     0.0004
      2       0.0000  -0.3170  -0.1044    1930        -1.85580      -0.7855     0.0001    -0.0005
      3       0.0000  -0.2818  -0.1044    1929        -1.90547       0.2235    -0.0002     0.0005
      3       0.0000  -0.2818  -0.1044    1930        -1.88368      -0.7654     0.0003    -0.0006
      4       0.0000  -0.2465  -0.1044    1929        -1.92287       0.2361    -0.0004     0.0005
      4       0.0000  -0.2465  -0.1044    1930        -1.90447      -0.6965     0.0005    -0.0005
      5       0.0000  -0.2113  -0.1044    1929        -1.93432       0.2510    -0.0006    -0.0001
      5       0.0000  -0.2113  -0.1044    1930        -1.91646       0.3140    -0.0016     0.0010
      6       0.0000  -0.1761  -0.1044    1929        -1.93325       0.1059    -0.0003    -0.0011
      6       0.0000  -0.1761  -0.1044    1930        -1.93265       0.2367     0.0025    -0.0069
      7       0.0000  -0.1409  -0.1044    1929        -1.92191      -0.3699    -0.0003    -0.0000
      7       0.0000  -0.1409  -0.1044    1930        -1.91682      -0.2642    -0.0007    -0.0000
      8       0.0000  -0.1057  -0.1044    1929        -1.89003      -0.5361    -0.0002    -0.0000
      8       0.0000  -0.1057  -0.1044    1930        -1.88937      -0.5160    -0.0009    -0.0002
      9       0.0000  -0.0704  -0.1044    1929        -1.86032      -0.5409    -0.0041    -0.0027
      9       0.0000  -0.0704  -0.1044    1930        -1.85938       0.2286     0.0038     0.0027
     10       0.0000  -0.0352  -0.1044    1929        -1.84346       0.2924    -0.0008    -0.0007
     10       0.0000  -0.0352  -0.1044    1930        -1.84005      -0.4596     0.0007     0.0008
     11       0.0000   0.0000  -0.1044    1929        -1.83504      -0.3070    -0.1988    -0.1048
     11       0.0000   0.0000  -0.1044    1930        -1.83502       0.3071     0.1987     0.1048
     12       0.0000   0.0352  -0.1044    1929        -1.84347      -0.2923    -0.0015    -0.0003
     12       0.0000   0.0352  -0.1044    1930        -1.84005       0.4597     0.0014     0.0002
     13       0.0000   0.0704  -0.1044    1929        -1.86032       0.5408    -0.0075    -0.0004
     13       0.0000   0.0704  -0.1044    1930        -1.85940      -0.2283     0.0085    -0.0002
     14       0.0000   0.1057  -0.1044    1929        -1.89003       0.5360    -0.0009    -0.0000
     14       0.0000   0.1057  -0.1044    1930        -1.88937       0.5157     0.0001    -0.0002
     15       0.0000   0.1409  -0.1044    1929        -1.92190       0.3694    -0.0002     0.0001
     15       0.0000   0.1409  -0.1044    1930        -1.91681       0.2636     0.0000    -0.0001
     16       0.0000   0.1761  -0.1044    1929        -1.93322      -0.1070     0.0015     0.0002
     16       0.0000   0.1761  -0.1044    1930        -1.93260      -0.2361     0.0031     0.0101
     17       0.0000   0.2113  -0.1044    1929        -1.93427      -0.2512     0.0005     0.0006
     17       0.0000   0.2113  -0.1044    1930        -1.91641      -0.3138     0.0007     0.0016
     18       0.0000   0.2465  -0.1044    1929        -1.92281      -0.2361     0.0004     0.0004
     18       0.0000   0.2465  -0.1044    1930        -1.90446       0.6966    -0.0004    -0.0003
     19       0.0000   0.2818  -0.1044    1929        -1.90541      -0.2235     0.0003     0.0003
     19       0.0000   0.2818  -0.1044    1930        -1.88366       0.7654    -0.0002    -0.0002
     20       0.0000   0.3170  -0.1044    1929        -1.88641      -0.2018     0.0002     0.0002
     20       0.0000   0.3170  -0.1044    1930        -1.85578       0.7855    -0.0002    -0.0003
     21       0.0000   0.3522  -0.1044    1929        -1.87499       0.0004     0.0002     0.0003
     21       0.0000   0.3522  -0.1044    1930        -1.83225      -0.0003    -0.0004    -0.0028
# Print out the spin texture for bands in the energy range of:  [   -2.0000000eV,    2.0000000 eV]
# Reciprocal lattice vector unit: A^-1
#  k point #    kx       ky       kz     State #     Eigenvalue     sigma_x    sigma_y    sigma_z
      1       0.0000  -0.3522  -0.0870    1929        -1.88081       0.0003     0.0002     0.0003
      1       0.0000  -0.3522  -0.0870    1930        -1.84208      -0.0003    -0.0003    -0.0014
      2       0.0000  -0.3170  -0.0870    1929        -1.89222       0.2034    -0.0000     0.0003
      2       0.0000  -0.3170  -0.0870    1930        -1.86159      -0.8111     0.0001    -0.0005
      3       0.0000  -0.2818  -0.0870    1929        -1.91052       0.2281    -0.0002     0.0004
      3       0.0000  -0.2818  -0.0870    1930        -1.88794      -0.7837     0.0003    -0.0005
      4       0.0000  -0.2465  -0.0870    1929        -1.92660       0.2515    -0.0004     0.0003
      4       0.0000  -0.2465  -0.0870    1930        -1.90664      -0.6920     0.0005    -0.0004
      5       0.0000  -0.2113  -0.0870    1929        -1.93228      -0.1700    -0.0000     0.0012
      5       0.0000  -0.2113  -0.0870    1930        -1.92160       0.3055    -0.0012    -0.0002
      6       0.0000  -0.1761  -0.0870    1929        -1.93555       0.1258     0.0669    -0.1566
      6       0.0000  -0.1761  -0.0870    1930        -1.93029       0.0669    -0.0007    -0.0002
      7       0.0000  -0.1409  -0.0870    1929        -1.91608      -0.4327    -0.0003     0.0000
      7       0.0000  -0.1409  -0.0870    1930        -1.91108      -0.3000    -0.0007     0.0000
      8       0.0000  -0.1057  -0.0870    1929        -1.88313      -0.5510    -0.0001     0.0000
      8       0.0000  -0.1057  -0.0870    1930        -1.88256      -0.5284    -0.0010    -0.0002
      9       0.0000  -0.0704  -0.0870    1929        -1.85531       0.2422    -0.0020    -0.0010
      9       0.0000  -0.0704  -0.0870    1930        -1.85368      -0.5462     0.0019     0.0012
     10       0.0000  -0.0352  -0.0870    1929        -1.83909       0.3064    -0.0005    -0.0004
     10       0.0000  -0.0352  -0.0870    1930        -1.83433      -0.4679     0.0004     0.0004
     11       0.0000   0.0000  -0.0870    1929        -1.83019      -0.3317    -0.1889    -0.0940
     11       0.0000   0.0000  -0.0870    1930        -1.83018       0.3318     0.1888     0.0940
     12       0.0000   0.0352  -0.0870    1929        -1.83910      -0.3064    -0.0010    -0.0003
     12       0.0000   0.0352  -0.0870    1930        -1.83432       0.4679     0.0009     0.0002
     13       0.0000   0.0704  -0.0870    1929        -1.85533      -0.2422    -0.0036    -0.0006
     13       0.0000   0.0704  -0.0870    1930        -1.85368       0.5462     0.0037     0.0005
     14       0.0000   0.1057  -0.0870    1929        -1.88313       0.5509    -0.0011    -0.0001
     14       0.0000   0.1057  -0.0870    1930        -1.88255       0.5283     0.0002    -0.0002
     15       0.0000   0.1409  -0.0870    1929        -1.91607       0.4324    -0.0002    -0.0000
     15       0.0000   0.1409  -0.0870    1930        -1.91106       0.2995     0.0001    -0.0001
     16       0.0000   0.1761  -0.0870    1929        -1.93551      -0.1287     0.0414     0.1520
     16       0.0000   0.1761  -0.0870    1930        -1.93026      -0.0673     0.0004     0.0002
     17       0.0000   0.2113  -0.0870    1929        -1.93230       0.1693    -0.0004    -0.0020
     17       0.0000   0.2113  -0.0870    1930        -1.92155      -0.3055     0.0013     0.0027
     18       0.0000   0.2465  -0.0870    1929        -1.92655      -0.2516     0.0005     0.0004
     18       0.0000   0.2465  -0.0870    1930        -1.90664       0.6922    -0.0005    -0.0003
     19       0.0000   0.2818  -0.0870    1929        -1.91047      -0.2282     0.0003     0.0003
     19       0.0000   0.2818  -0.0870    1930        -1.88793       0.7838    -0.0003    -0.0002
     20       0.0000   0.3170  -0.0870    1929        -1.89218      -0.2033     0.0002     0.0002
     20       0.0000   0.3170  -0.0870    1930        -1.86157       0.8112    -0.0003    -0.0003
     21       0.0000   0.3522  -0.0870    1929        -1.88081       0.0003     0.0002     0.0003
     21       0.0000   0.3522  -0.0870    1930        -1.84208      -0.0003    -0.0003    -0.0014
# Print out the spin texture for bands in the energy range of:  [   -2.0000000eV,    2.0000000 eV]
# Reciprocal lattice vector unit: A^-1
#  k point #    kx       ky       kz     State #     Eigenvalue     sigma_x    sigma_y    sigma_z
      1       0.0000  -0.3522  -0.0696    1929        -1.88442       0.0003     0.0002     0.0003
      1       0.0000  -0.3522  -0.0696    1930        -1.85113      -0.0003    -0.0003    -0.0008
      2       0.0000  -0.3170  -0.0696    1929        -1.89618       0.2099    -0.0000     0.0003
      2       0.0000  -0.3170  -0.0696    1930        -1.86608      -0.8341     0.0001    -0.0004
      3       0.0000  -0.2818  -0.0696    1929        -1.91400       0.2353    -0.0002     0.0003
      3       0.0000  -0.2818  -0.0696    1930        -1.89111      -0.7963     0.0003    -0.0004
      4       0.0000  -0.2465  -0.0696    1929        -1.92881       0.2661    -0.0004     0.0001
      4       0.0000  -0.2465  -0.0696    1930        -1.90803      -0.6815     0.0005    -0.0002
      5       0.0000  -0.2113  -0.0696    1929        -1.92968      -0.2900     0.0000     0.0041
      5       0.0000  -0.2113  -0.0696    1930        -1.92592       0.2962    -0.0011    -0.0036
      6       0.0000  -0.1761  -0.0696    1929        -1.93607      -0.7194     0.0590    -0.1364
      6       0.0000  -0.1761  -0.0696    1930        -1.92682       0.0300    -0.0007    -0.0002
      7       0.0000  -0.1409  -0.0696    1929        -1.91049      -0.4683    -0.0003     0.0001
      7       0.0000  -0.1409  -0.0696    1930        -1.90571      -0.3282    -0.0007     0.0000
      8       0.0000  -0.1057  -0.0696    1929        -1.87704      -0.5627     0.0000     0.0001
      8       0.0000  -0.1057  -0.0696    1930        -1.87649      -0.5388    -0.0014    -0.0003
      9       0.0000  -0.0704  -0.0696    1929        -1.85188       0.2538    -0.0006    -0.0002
      9       0.0000  -0.0704  -0.0696    1930        -1.84783      -0.5508     0.0005     0.0003
     10       0.0000  -0.0352  -0.0696    1929        -1.83529       0.3180    -0.0003    -0.0002
     10       0.0000  -0.0352  -0.0696    1930        -1.82928      -0.4746     0.0002     0.0003
     11       0.0000   0.0000  -0.0696    1929        -1.82590      -0.3501    -0.1803    -0.0858
     11       0.0000   0.0000  -0.0696    1930        -1.82589       0.3501     0.1802     0.0858
     12       0.0000   0.0352  -0.0696    1929        -1.83531      -0.3179    -0.0007    -0.0002
     12       0.0000   0.0352  -0.0696    1930        -1.82927       0.4747     0.0007     0.0002
     13       0.0000   0.0704  -0.0696    1929        -1.85190      -0.2538    -0.0013    -0.0004
     13       0.0000   0.0704  -0.0696    1930        -1.84783       0.5508     0.0013     0.0002
     14       0.0000   0.1057  -0.0696    1929        -1.87704       0.5626    -0.0013    -0.0002
     14       0.0000   0.1057  -0.0696    1930        -1.87649       0.5387     0.0003    -0.0003
     15       0.0000   0.1409  -0.0696    1929        -1.91049       0.4681    -0.0002    -0.0001
     15       0.0000   0.1409  -0.0696    1930        -1.90570       0.3279     0.0001    -0.0001
     16       0.0000   0.1761  -0.0696    1929        -1.93606       0.6938     0.0401     0.2294
     16       0.0000   0.1761  -0.0696    1930        -1.92679      -0.0304     0.0005     0.0002
     17       0.0000   0.2113  -0.0696    1929        -1.92969       0.2892    -0.0018    -0.0062
     17       0.0000   0.2113  -0.0696    1930        -1.92588      -0.2962     0.0029     0.0068
     18       0.0000   0.2465  -0.0696    1929        -1.92877      -0.2662     0.0005     0.0004
     18       0.0000   0.2465  -0.0696    1930        -1.90803       0.6815    -0.0007    -0.0003
     19       0.0000   0.2818  -0.0696    1929        -1.91396      -0.2354     0.0004     0.0003
     19       0.0000   0.2818  -0.0696    1930        -1.89110       0.7964    -0.0004    -0.0002
     20       0.0000   0.3170  -0.0696    1929        -1.89614      -0.2099     0.0002     0.0002
     20       0.0000   0.3170  -0.0696    1930        -1.86607       0.8341    -0.0003    -0.0003
     21       0.0000   0.3522  -0.0696    1929        -1.88442       0.0003     0.0002     0.0003
     21       0.0000   0.3522  -0.0696    1930        -1.85113      -0.0003    -0.0003    -0.0008
# Print out the spin texture for bands in the energy range of:  [   -2.0000000eV,    2.0000000 eV]
# Reciprocal lattice vector unit: A^-1
#  k point #    kx       ky       kz     State #     Eigenvalue     sigma_x    sigma_y    sigma_z
      1       0.0000  -0.3522  -0.0522    1929        -1.88581       0.0003     0.0002     0.0003
      1       0.0000  -0.3522  -0.0522    1930        -1.85939      -0.0002    -0.0003    -0.0005
      2       0.0000  -0.3170  -0.0522    1929        -1.89848       0.2210    -0.0001     0.0002
      2       0.0000  -0.3170  -0.0522    1930        -1.86936      -0.8532     0.0001    -0.0004
      3       0.0000  -0.2818  -0.0522    1929        -1.91608       0.2432    -0.0003     0.0002
      3       0.0000  -0.2818  -0.0522    1930        -1.89333      -0.8036     0.0004    -0.0003
      4       0.0000  -0.2465  -0.0522    1929        -1.92979       0.2769    -0.0004    -0.0000
      4       0.0000  -0.2465  -0.0522    1930        -1.91003       0.3031    -0.0012     0.0010
      5       0.0000  -0.2113  -0.0522    1929        -1.92935       0.2865    -0.0002     0.0139
      5       0.0000  -0.2113  -0.0522    1930        -1.92802      -0.4171    -0.0007    -0.0137
      6       0.0000  -0.1761  -0.0522    1929        -1.93465      -0.1699     0.0011    -0.0040
      6       0.0000  -0.1761  -0.0522    1930        -1.92346      -0.0014    -0.0007    -0.0001
      7       0.0000  -0.1409  -0.0522    1929        -1.90570      -0.4906    -0.0002     0.0001
      7       0.0000  -0.1409  -0.0522    1930        -1.90111      -0.3500    -0.0008     0.0001
      8       0.0000  -0.1057  -0.0522    1929        -1.87199      -0.5720     0.0004     0.0003
      8       0.0000  -0.1057  -0.0522    1930        -1.87143      -0.5470    -0.0022    -0.0004
      9       0.0000  -0.0704  -0.0522    1929        -1.84914       0.2630    -0.0003     0.0000
      9       0.0000  -0.0704  -0.0522    1930        -1.84297      -0.5546     0.0002     0.0002
     10       0.0000  -0.0352  -0.0522    1929        -1.83218       0.3268    -0.0002    -0.0001
     10       0.0000  -0.0352  -0.0522    1930        -1.82508      -0.4798     0.0001     0.0002
     11       0.0000   0.0000  -0.0522    1929        -1.82234      -0.3633    -0.1734    -0.0797
     11       0.0000   0.0000  -0.0522    1930        -1.82233       0.3633     0.1734     0.0797
     12       0.0000   0.0352  -0.0522    1929        -1.83220      -0.3268    -0.0005    -0.0002
     12       0.0000   0.0352  -0.0522    1930        -1.82507       0.4798     0.0005     0.0001
     13       0.0000   0.0704  -0.0522    1929        -1.84915      -0.2630    -0.0007    -0.0003
     13       0.0000   0.0704  -0.0522    1930        -1.84297       0.5546     0.0007     0.0001
     14       0.0000   0.1057  -0.0522    1929        -1.87200       0.5719    -0.0017    -0.0003
     14       0.0000   0.1057  -0.0522    1930        -1.87143       0.5470     0.0005    -0.0005
     15       0.0000   0.1409  -0.0522    1929        -1.90570       0.4905    -0.0002    -0.0001
     15       0.0000   0.1409  -0.0522    1930        -1.90110       0.3497     0.0002    -0.0001
     16       0.0000   0.1761  -0.0522    1929        -1.93464       0.1695     0.0011     0.0062
     16       0.0000   0.1761  -0.0522    1930        -1.92344       0.0011     0.0006     0.0002
     17       0.0000   0.2113  -0.0522    1929        -1.92933      -0.2864    -0.0053    -0.0182
     17       0.0000   0.2113  -0.0522    1930        -1.92803       0.4163     0.0064     0.0188
     18       0.0000   0.2465  -0.0522    1929        -1.92975      -0.2771     0.0006     0.0004
     18       0.0000   0.2465  -0.0522    1930        -1.91000      -0.3028     0.0005     0.0003
     19       0.0000   0.2818  -0.0522    1929        -1.91605      -0.2433     0.0004     0.0002
     19       0.0000   0.2818  -0.0522    1930        -1.89333       0.8037    -0.0005    -0.0002
     20       0.0000   0.3170  -0.0522    1929        -1.89845      -0.2210     0.0003     0.0002
     20       0.0000   0.3170  -0.0522    1930        -1.86936       0.8533    -0.0003    -0.0003
     21       0.0000   0.3522  -0.0522    1929        -1.88581       0.0003     0.0002     0.0003
     21       0.0000   0.3522  -0.0522    1930        -1.85939      -0.0002    -0.0003    -0.0005
# Print out the spin texture for bands in the energy range of:  [   -2.0000000eV,    2.0000000 eV]
# Reciprocal lattice vector unit: A^-1
#  k point #    kx       ky       kz     State #     Eigenvalue     sigma_x    sigma_y    sigma_z
      1       0.0000  -0.3522  -0.0348    1929        -1.88513       0.0002     0.0002     0.0002
      1       0.0000  -0.3522  -0.0348    1930        -1.86678      -0.0002    -0.0002    -0.0004
      2       0.0000  -0.3170  -0.0348    1929        -1.89951       0.2348    -0.0001     0.0002
      2       0.0000  -0.3170  -0.0348    1930        -1.87156      -0.8676     0.0001    -0.0003
      3       0.0000  -0.2818  -0.0348    1929        -1.91710       0.2503    -0.0003     0.0001
      3       0.0000  -0.2818  -0.0348    1930        -1.89479      -0.8070     0.0004    -0.0002
      4       0.0000  -0.2465  -0.0348    1929        -1.92997       0.2832    -0.0005    -0.0002
      4       0.0000  -0.2465  -0.0348    1930        -1.91279       0.2984    -0.0011     0.0006
      5       0.0000  -0.2113  -0.0348    1929        -1.93184       0.2770    -0.0007     0.0042
      5       0.0000  -0.2113  -0.0348    1930        -1.92713      -0.5184    -0.0004    -0.0043
      6       0.0000  -0.1761  -0.0348    1929        -1.93248      -0.2549    -0.0001    -0.0010
      6       0.0000  -0.1761  -0.0348    1930        -1.92070      -0.0249    -0.0008    -0.0001
      7       0.0000  -0.1409  -0.0348    1929        -1.90204      -0.5050    -0.0001     0.0001
      7       0.0000  -0.1409  -0.0348    1930        -1.89757      -0.3655    -0.0008     0.0001
      8       0.0000  -0.1057  -0.0348    1929        -1.86821      -0.5788     0.0014     0.0008
      8       0.0000  -0.1057  -0.0348    1930        -1.86760      -0.5530    -0.0075    -0.0008
      9       0.0000  -0.0704  -0.0348    1929        -1.84714       0.2696    -0.0001     0.0001
      9       0.0000  -0.0704  -0.0348    1930        -1.83932      -0.5573     0.0000     0.0001
     10       0.0000  -0.0352  -0.0348    1929        -1.82987       0.3330    -0.0000    -0.0000
     10       0.0000  -0.0352  -0.0348    1930        -1.82191      -0.4834     0.0000     0.0001
     11       0.0000   0.0000  -0.0348    1929        -1.81965      -0.3722    -0.1683    -0.0755
     11       0.0000   0.0000  -0.0348    1930        -1.81964       0.3722     0.1683     0.0755
     12       0.0000   0.0352  -0.0348    1929        -1.82988      -0.3330    -0.0004    -0.0001
     12       0.0000   0.0352  -0.0348    1930        -1.82191       0.4834     0.0003     0.0001
     13       0.0000   0.0704  -0.0348    1929        -1.84715      -0.2696    -0.0005    -0.0003
     13       0.0000   0.0704  -0.0348    1930        -1.83932       0.5573     0.0004     0.0001
     14       0.0000   0.1057  -0.0348    1929        -1.86821       0.5787    -0.0031    -0.0006
     14       0.0000   0.1057  -0.0348    1930        -1.86760       0.5529     0.0023    -0.0018
     15       0.0000   0.1409  -0.0348    1929        -1.90204       0.5049    -0.0002    -0.0001
     15       0.0000   0.1409  -0.0348    1930        -1.89756       0.3653     0.0004    -0.0002
     16       0.0000   0.1761  -0.0348    1929        -1.93247       0.2547     0.0004     0.0017
     16       0.0000   0.1761  -0.0348    1930        -1.92069       0.0247     0.0007     0.0001
     17       0.0000   0.2113  -0.0348    1929        -1.93182      -0.2769    -0.0001    -0.0046
     17       0.0000   0.2113  -0.0348    1930        -1.92713       0.5180     0.0017     0.0051
     18       0.0000   0.2465  -0.0348    1929        -1.92994      -0.2832     0.0006     0.0004
     18       0.0000   0.2465  -0.0348    1930        -1.91277      -0.2983     0.0007     0.0003
     19       0.0000   0.2818  -0.0348    1929        -1.91708      -0.2504     0.0004     0.0002
     19       0.0000   0.2818  -0.0348    1930        -1.89479       0.8070    -0.0005    -0.0001
     20       0.0000   0.3170  -0.0348    1929        -1.89948      -0.2348     0.0003     0.0002
     20       0.0000   0.3170  -0.0348    1930        -1.87156       0.8677    -0.0003    -0.0003
     21       0.0000   0.3522  -0.0348    1929        -1.88513       0.0002     0.0002     0.0002
     21       0.0000   0.3522  -0.0348    1930        -1.86678      -0.0002    -0.0002    -0.0004
# Print out the spin texture for bands in the energy range of:  [   -2.0000000eV,    2.0000000 eV]
# Reciprocal lattice vector unit: A^-1
#  k point #    kx       ky       kz     State #     Eigenvalue     sigma_x    sigma_y    sigma_z
      1      -0.0000  -0.3522  -0.0174    1929        -1.88263       0.0002     0.0002     0.0002
      1      -0.0000  -0.3522  -0.0174    1930        -1.87322      -0.0002    -0.0002    -0.0003
      2      -0.0000  -0.3170  -0.0174    1929        -1.89978       0.2472    -0.0002     0.0001
      2      -0.0000  -0.3170  -0.0174    1930        -1.87281      -0.8766     0.0002    -0.0002
      3      -0.0000  -0.2818  -0.0174    1929        -1.91748       0.2552    -0.0004     0.0000
      3      -0.0000  -0.2818  -0.0174    1930        -1.89560      -0.8081     0.0005    -0.0001
      4      -0.0000  -0.2465  -0.0174    1929        -1.92983       0.2859    -0.0006    -0.0002
      4      -0.0000  -0.2465  -0.0174    1930        -1.91447       0.2952    -0.0010     0.0002
      5       0.0000  -0.2113  -0.0174    1929        -1.93133       0.2341    -0.0009    -0.0005
      5       0.0000  -0.2113  -0.0174    1930        -1.92671      -0.5790    -0.0005    -0.0033
      6       0.0000  -0.1761  -0.0174    1929        -1.93082      -0.2937    -0.0002    -0.0006
      6       0.0000  -0.1761  -0.0174    1930        -1.91890      -0.0393    -0.0008    -0.0001
      7       0.0000  -0.1409  -0.0174    1929        -1.89975      -0.5133    -0.0000     0.0001
      7       0.0000  -0.1409  -0.0174    1930        -1.89534      -0.3748    -0.0008     0.0001
      8       0.0000  -0.1057  -0.0174    1929        -1.86594       0.1969     0.0179     0.0107
      8       0.0000  -0.1057  -0.0174    1930        -1.86585      -0.5757    -0.0229    -0.0105
      9       0.0000  -0.0704  -0.0174    1929        -1.84592       0.2736     0.0001     0.0001
      9       0.0000  -0.0704  -0.0174    1930        -1.83704      -0.5589    -0.0001     0.0000
     10       0.0000  -0.0352  -0.0174    1929        -1.82844       0.3367     0.0001     0.0000
     10       0.0000  -0.0352  -0.0174    1930        -1.81994      -0.4856    -0.0001     0.0000
     11       0.0000   0.0000  -0.0174    1929        -1.81798      -0.3773    -0.1652    -0.0731
     11       0.0000   0.0000  -0.0174    1930        -1.81797       0.3773     0.1652     0.0731
     12       0.0000   0.0352  -0.0174    1929        -1.82844      -0.3367    -0.0003    -0.0001
     12       0.0000   0.0352  -0.0174    1930        -1.81993       0.4856     0.0002     0.0000
     13       0.0000   0.0704  -0.0174    1929        -1.84593      -0.2736    -0.0003    -0.0002
     13       0.0000   0.0704  -0.0174    1930        -1.83704       0.5589     0.0003     0.0001
     14       0.0000   0.1057  -0.0174    1929        -1.86594      -0.1949    -0.0273    -0.0094
     14       0.0000   0.1057  -0.0174    1930        -1.86585       0.5736     0.0295     0.0080
     15       0.0000   0.1409  -0.0174    1929        -1.89974       0.5132    -0.0002    -0.0001
     15       0.0000   0.1409  -0.0174    1930        -1.89533       0.3747     0.0005    -0.0002
     16       0.0000   0.1761  -0.0174    1929        -1.93082       0.2936     0.0003     0.0008
     16       0.0000   0.1761  -0.0174    1930        -1.91890       0.0393     0.0008     0.0001
     17       0.0000   0.2113  -0.0174    1929        -1.93132      -0.2342     0.0010     0.0005
     17       0.0000   0.2113  -0.0174    1930        -1.92671       0.5788     0.0010     0.0035
     18       0.0000   0.2465  -0.0174    1929        -1.92982      -0.2860     0.0007     0.0004
     18       0.0000   0.2465  -0.0174    1930        -1.91446      -0.2952     0.0008     0.0003
     19       0.0000   0.2818  -0.0174    1929        -1.91747      -0.2553     0.0004     0.0001
     19       0.0000   0.2818  -0.0174    1930        -1.89560       0.8081    -0.0005    -0.0001
     20       0.0000   0.3170  -0.0174    1929        -1.89977      -0.2473     0.0002     0.0001
     20       0.0000   0.3170  -0.0174    1930        -1.87281       0.8766    -0.0003    -0.0001
     21       0.0000   0.3522  -0.0174    1929        -1.88263       0.0002     0.0002     0.0002
     21       0.0000   0.3522  -0.0174    1930        -1.87322      -0.0002    -0.0002    -0.0003
# Print out the spin texture for bands in the energy range of:  [   -2.0000000eV,    2.0000000 eV]
# Reciprocal lattice vector unit: A^-1
#  k point #    kx       ky       kz     State #     Eigenvalue     sigma_x    sigma_y    sigma_z
      1      -0.0000  -0.3522   0.0000    1929        -1.87857       0.1649     0.0002     0.0002
      1      -0.0000  -0.3522   0.0000    1930        -1.87857      -0.1649    -0.0002    -0.0002
      2      -0.0000  -0.3170   0.0000    1929        -1.89979       0.2524    -0.0002    -0.0000
      2      -0.0000  -0.3170   0.0000    1930        -1.87322      -0.8797     0.0003    -0.0000
      3      -0.0000  -0.2818   0.0000    1929        -1.91756       0.2570    -0.0004    -0.0001
      3      -0.0000  -0.2818   0.0000    1930        -1.89586      -0.8083     0.0005    -0.0000
      4      -0.0000  -0.2465   0.0000    1929        -1.92974       0.2867    -0.0006    -0.0003
      4      -0.0000  -0.2465   0.0000    1930        -1.91503       0.2941    -0.0009    -0.0001
      5      -0.0000  -0.2113   0.0000    1929        -1.93095       0.2310    -0.0010    -0.0005
      5      -0.0000  -0.2113   0.0000    1930        -1.92660      -0.5986    -0.0007    -0.0031
      6      -0.0000  -0.1761   0.0000    1929        -1.93022      -0.3048    -0.0003    -0.0006
      6      -0.0000  -0.1761   0.0000    1930        -1.91827      -0.0442    -0.0008    -0.0001
      7      -0.0000  -0.1409   0.0000    1929        -1.89896      -0.5160     0.0001     0.0001
      7      -0.0000  -0.1409   0.0000    1930        -1.89457      -0.3779    -0.0007     0.0002
      8      -0.0000  -0.1057   0.0000    1929        -1.86559       0.2059     0.0019     0.0021
      8      -0.0000  -0.1057   0.0000    1930        -1.86505      -0.5844    -0.0039    -0.0014
      9      -0.0000  -0.0704   0.0000    1929        -1.84551       0.2749     0.0002     0.0002
      9      -0.0000  -0.0704   0.0000    1930        -1.83626      -0.5595    -0.0002    -0.0000
     10      -0.0000  -0.0352   0.0000    1929        -1.82796       0.3379     0.0002     0.0001
     10      -0.0000  -0.0352   0.0000    1930        -1.81926      -0.4862    -0.0002    -0.0000
     11       0.0000   0.0000   0.0000    1929        -1.81741      -0.0934    -0.4729     0.0841
     11       0.0000   0.0000   0.0000    1930        -1.81741       0.0934     0.4729    -0.0841
     12       0.0000   0.0352  -0.0000    1929        -1.82796      -0.3379    -0.0002    -0.0001
     12       0.0000   0.0352  -0.0000    1930        -1.81926       0.4862     0.0002     0.0000
     13       0.0000   0.0704  -0.0000    1929        -1.84551      -0.2749    -0.0002    -0.0002
     13       0.0000   0.0704  -0.0000    1930        -1.83626       0.5595     0.0002     0.0000
     14       0.0000   0.1057  -0.0000    1929        -1.86559      -0.2059    -0.0019    -0.0021
     14       0.0000   0.1057  -0.0000    1930        -1.86505       0.5844     0.0039     0.0014
     15       0.0000   0.1409  -0.0000    1929        -1.89896       0.5160    -0.0001    -0.0001
     15       0.0000   0.1409  -0.0000    1930        -1.89457       0.3779     0.0007    -0.0002
     16       0.0000   0.1761  -0.0000    1929        -1.93022       0.3048     0.0003     0.0006
     16       0.0000   0.1761  -0.0000    1930        -1.91827       0.0442     0.0008     0.0001
     17       0.0000   0.2113  -0.0000    1929        -1.93095      -0.2310     0.0010     0.0005
     17       0.0000   0.2113  -0.0000    1930        -1.92660       0.5986     0.0007     0.0031
     18       0.0000   0.2465  -0.0000    1929        -1.92974      -0.2867     0.0006     0.0003
     18       0.0000   0.2465  -0.0000    1930        -1.91503      -0.2941     0.0009     0.0001
     19       0.0000   0.2818  -0.0000    1929        -1.91756      -0.2570     0.0004     0.0001
     19       0.0000   0.2818  -0.0000    1930        -1.89586       0.8083    -0.0005     0.0000
     20       0.0000   0.3170  -0.0000    1929        -1.89979      -0.2524     0.0002     0.0000
     20       0.0000   0.3170  -0.0000    1930        -1.87322       0.8797    -0.0003     0.0000
     21       0.0000   0.3522  -0.0000    1929        -1.87857       0.0458     0.0002     0.0003
     21       0.0000   0.3522  -0.0000    1930        -1.87857      -0.0458    -0.0002    -0.0003
# Print out the spin texture for bands in the energy range of:  [   -2.0000000eV,    2.0000000 eV]
# Reciprocal lattice vector unit: A^-1
#  k point #    kx       ky       kz     State #     Eigenvalue     sigma_x    sigma_y    sigma_z
      1      -0.0000  -0.3522   0.0174    1929        -1.88263      -0.0002    -0.0002    -0.0002
      1      -0.0000  -0.3522   0.0174    1930        -1.87322       0.0002     0.0002     0.0003
      2      -0.0000  -0.3170   0.0174    1929        -1.89977       0.2473    -0.0002    -0.0001
      2      -0.0000  -0.3170   0.0174    1930        -1.87281      -0.8766     0.0003     0.0001
      3      -0.0000  -0.2818   0.0174    1929        -1.91747       0.2553    -0.0004    -0.0001
      3      -0.0000  -0.2818   0.0174    1930        -1.89560      -0.8081     0.0005     0.0001
      4      -0.0000  -0.2465   0.0174    1929        -1.92982       0.2860    -0.0007    -0.0004
      4      -0.0000  -0.2465   0.0174    1930        -1.91446       0.2952    -0.0008    -0.0003
      5      -0.0000  -0.2113   0.0174    1929        -1.93132       0.2342    -0.0010    -0.0005
      5      -0.0000  -0.2113   0.0174    1930        -1.92671      -0.5788    -0.0010    -0.0035
      6      -0.0000  -0.1761   0.0174    1929        -1.93082      -0.2936    -0.0003    -0.0008
      6      -0.0000  -0.1761   0.0174    1930        -1.91890      -0.0393    -0.0008    -0.0001
      7      -0.0000  -0.1409   0.0174    1929        -1.89974      -0.5132     0.0002     0.0001
      7      -0.0000  -0.1409   0.0174    1930        -1.89533      -0.3747    -0.0005     0.0002
      8      -0.0000  -0.1057   0.0174    1929        -1.86594       0.1949     0.0273     0.0094
      8      -0.0000  -0.1057   0.0174    1930        -1.86585      -0.5736    -0.0295    -0.0080
      9      -0.0000  -0.0704   0.0174    1929        -1.84593       0.2736     0.0003     0.0002
      9      -0.0000  -0.0704   0.0174    1930        -1.83704      -0.5589    -0.0003    -0.0001
     10      -0.0000  -0.0352   0.0174    1929        -1.82844       0.3367     0.0003     0.0001
     10      -0.0000  -0.0352   0.0174    1930        -1.81993      -0.4856    -0.0002    -0.0000
     11      -0.0000  -0.0000   0.0174    1929        -1.81798       0.3773     0.1652     0.0731
     11      -0.0000  -0.0000   0.0174    1930        -1.81797      -0.3773    -0.1652    -0.0731
     12      -0.0000   0.0352   0.0174    1929        -1.82844      -0.3367    -0.0001    -0.0000
     12      -0.0000   0.0352   0.0174    1930        -1.81994       0.4856     0.0001    -0.0000
     13      -0.0000   0.0704   0.0174    1929        -1.84592      -0.2736    -0.0001    -0.0001
     13      -0.0000   0.0704   0.0174    1930        -1.83704       0.5589     0.0001    -0.0000
     14      -0.0000   0.1057   0.0174    1929        -1.86594      -0.1969    -0.0179    -0.0107
     14      -0.0000   0.1057   0.0174    1930        -1.86585       0.5757     0.0229     0.0105
     15      -0.0000   0.1409   0.0174    1929        -1.89975       0.5133     0.0000    -0.0001
     15      -0.0000   0.1409   0.0174    1930        -1.89534       0.3748     0.0008    -0.0001
     16      -0.0000   0.1761   0.0174    1929        -1.93082       0.2937     0.0002     0.0006
     16      -0.0000   0.1761   0.0174    1930        -1.91890       0.0393     0.0008     0.0001
     17      -0.0000   0.2113   0.0174    1929        -1.93134      -0.2341     0.0009     0.0005
     17      -0.0000   0.2113   0.0174    1930        -1.92671       0.5790     0.0005     0.0033
     18       0.0000   0.2465   0.0174    1929        -1.92983      -0.2859     0.0006     0.0002
     18       0.0000   0.2465   0.0174    1930        -1.91447      -0.2952     0.0010    -0.0002
     19       0.0000   0.2818   0.0174    1929        -1.91748      -0.2552     0.0004    -0.0000
     19       0.0000   0.2818   0.0174    1930        -1.89560       0.8081    -0.0005     0.0001
     20       0.0000   0.3170   0.0174    1929        -1.89978      -0.2472     0.0002    -0.0001
     20       0.0000   0.3170   0.0174    1930        -1.87281       0.8766    -0.0002     0.0002
     21       0.0000   0.3522   0.0174    1929        -1.88263      -0.0002    -0.0002    -0.0002
     21       0.0000   0.3522   0.0174    1930        -1.87322       0.0002     0.0002     0.0003
# Print out the spin texture for bands in the energy range of:  [   -2.0000000eV,    2.0000000 eV]
# Reciprocal lattice vector unit: A^-1
#  k point #    kx       ky       kz     State #     Eigenvalue     sigma_x    sigma_y    sigma_z
      1      -0.0000  -0.3522   0.0348    1929        -1.88513      -0.0002    -0.0002    -0.0002
      1      -0.0000  -0.3522   0.0348    1930        -1.86678       0.0002     0.0002     0.0004
      2      -0.0000  -0.3170   0.0348    1929        -1.89948       0.2348    -0.0003    -0.0002
      2      -0.0000  -0.3170   0.0348    1930        -1.87156      -0.8677     0.0003     0.0003
      3      -0.0000  -0.2818   0.0348    1929        -1.91708       0.2504    -0.0004    -0.0002
      3      -0.0000  -0.2818   0.0348    1930        -1.89479      -0.8070     0.0005     0.0001
      4      -0.0000  -0.2465   0.0348    1929        -1.92994       0.2832    -0.0006    -0.0004
      4      -0.0000  -0.2465   0.0348    1930        -1.91277       0.2983    -0.0007    -0.0003
      5      -0.0000  -0.2113   0.0348    1929        -1.93182       0.2769     0.0001     0.0046
      5      -0.0000  -0.2113   0.0348    1930        -1.92713      -0.5180    -0.0017    -0.0051
      6      -0.0000  -0.1761   0.0348    1929        -1.93247      -0.2547    -0.0004    -0.0017
      6      -0.0000  -0.1761   0.0348    1930        -1.92069      -0.0247    -0.0007    -0.0001
      7      -0.0000  -0.1409   0.0348    1929        -1.90204      -0.5049     0.0002     0.0001
      7      -0.0000  -0.1409   0.0348    1930        -1.89756      -0.3653    -0.0004     0.0002
      8      -0.0000  -0.1057   0.0348    1929        -1.86821      -0.5787     0.0031     0.0006
      8      -0.0000  -0.1057   0.0348    1930        -1.86760      -0.5529    -0.0023     0.0018
      9      -0.0000  -0.0704   0.0348    1929        -1.84715       0.2696     0.0005     0.0003
      9      -0.0000  -0.0704   0.0348    1930        -1.83932      -0.5573    -0.0004    -0.0001
     10      -0.0000  -0.0352   0.0348    1929        -1.82988       0.3330     0.0004     0.0001
     10      -0.0000  -0.0352   0.0348    1930        -1.82191      -0.4834    -0.0003    -0.0001
     11      -0.0000  -0.0000   0.0348    1929        -1.81965       0.3722     0.1683     0.0755
     11      -0.0000  -0.0000   0.0348    1930        -1.81964      -0.3722    -0.1683    -0.0755
     12      -0.0000   0.0352   0.0348    1929        -1.82987      -0.3330     0.0000     0.0000
     12      -0.0000   0.0352   0.0348    1930        -1.82191       0.4834    -0.0000    -0.0001
     13      -0.0000   0.0704   0.0348    1929        -1.84714      -0.2696     0.0001    -0.0001
     13      -0.0000   0.0704   0.0348    1930        -1.83932       0.5573    -0.0000    -0.0001
     14      -0.0000   0.1057   0.0348    1929        -1.86821       0.5788    -0.0014    -0.0008
     14      -0.0000   0.1057   0.0348    1930        -1.86760       0.5530     0.0075     0.0008
     15      -0.0000   0.1409   0.0348    1929        -1.90204       0.5050     0.0001    -0.0001
     15      -0.0000   0.1409   0.0348    1930        -1.89757       0.3655     0.0008    -0.0001
     16      -0.0000   0.1761   0.0348    1929        -1.93248       0.2549     0.0001     0.0010
     16      -0.0000   0.1761   0.0348    1930        -1.92070       0.0249     0.0008     0.0001
     17      -0.0000   0.2113   0.0348    1929        -1.93184      -0.2770     0.0007    -0.0042
     17      -0.0000   0.2113   0.0348    1930        -1.92713       0.5184     0.0004     0.0043
     18      -0.0000   0.2465   0.0348    1929        -1.92997      -0.2832     0.0005     0.0002
     18      -0.0000   0.2465   0.0348    1930        -1.91279      -0.2984     0.0011    -0.0006
     19      -0.0000   0.2818   0.0348    1929        -1.91710      -0.2503     0.0003    -0.0001
     19      -0.0000   0.2818   0.0348    1930        -1.89479       0.8070    -0.0004     0.0002
     20      -0.0000   0.3170   0.0348    1929        -1.89951      -0.2348     0.0001    -0.0002
     20      -0.0000   0.3170   0.0348    1930        -1.87156       0.8676    -0.0001     0.0003
     21      -0.0000   0.3522   0.0348    1929        -1.88513      -0.0002    -0.0002    -0.0002
     21      -0.0000   0.3522   0.0348    1930        -1.86678       0.0002     0.0002     0.0004
# Print out the spin texture for bands in the energy range of:  [   -2.0000000eV,    2.0000000 eV]
# Reciprocal lattice vector unit: A^-1
#  k point #    kx       ky       kz     State #     Eigenvalue     sigma_x    sigma_y    sigma_z
      1      -0.0000  -0.3522   0.0522    1929        -1.88581      -0.0003    -0.0002    -0.0003
      1      -0.0000  -0.3522   0.0522    1930        -1.85939       0.0002     0.0003     0.0005
      2      -0.0000  -0.3170   0.0522    1929        -1.89845       0.2210    -0.0003    -0.0002
      2      -0.0000  -0.3170   0.0522    1930        -1.86936      -0.8533     0.0003     0.0003
      3      -0.0000  -0.2818   0.0522    1929        -1.91605       0.2433    -0.0004    -0.0002
      3      -0.0000  -0.2818   0.0522    1930        -1.89333      -0.8037     0.0005     0.0002
      4      -0.0000  -0.2465   0.0522    1929        -1.92975       0.2771    -0.0006    -0.0004
      4      -0.0000  -0.2465   0.0522    1930        -1.91000       0.3028    -0.0005    -0.0003
      5      -0.0000  -0.2113   0.0522    1929        -1.92933       0.2864     0.0053     0.0182
      5      -0.0000  -0.2113   0.0522    1930        -1.92803      -0.4163    -0.0064    -0.0188
      6      -0.0000  -0.1761   0.0522    1929        -1.93464      -0.1695    -0.0011    -0.0062
      6      -0.0000  -0.1761   0.0522    1930        -1.92344      -0.0011    -0.0006    -0.0002
      7      -0.0000  -0.1409   0.0522    1929        -1.90570      -0.4905     0.0002     0.0001
      7      -0.0000  -0.1409   0.0522    1930        -1.90110      -0.3497    -0.0002     0.0001
      8      -0.0000  -0.1057   0.0522    1929        -1.87200      -0.5719     0.0017     0.0003
      8      -0.0000  -0.1057   0.0522    1930        -1.87143      -0.5470    -0.0005     0.0005
      9      -0.0000  -0.0704   0.0522    1929        -1.84915       0.2630     0.0007     0.0003
      9      -0.0000  -0.0704   0.0522    1930        -1.84297      -0.5546    -0.0007    -0.0001
     10      -0.0000  -0.0352   0.0522    1929        -1.83220       0.3268     0.0005     0.0002
     10      -0.0000  -0.0352   0.0522    1930        -1.82507      -0.4798    -0.0005    -0.0001
     11      -0.0000  -0.0000   0.0522    1929        -1.82234       0.3633     0.1734     0.0797
     11      -0.0000  -0.0000   0.0522    1930        -1.82233      -0.3633    -0.1734    -0.0797
     12      -0.0000   0.0352   0.0522    1929        -1.83218      -0.3268     0.0002     0.0001
     12      -0.0000   0.0352   0.0522    1930        -1.82508       0.4798    -0.0001    -0.0002
     13      -0.0000   0.0704   0.0522    1929        -1.84914      -0.2630     0.0003    -0.0000
     13      -0.0000   0.0704   0.0522    1930        -1.84297       0.5546    -0.0002    -0.0002
     14      -0.0000   0.1057   0.0522    1929        -1.87199       0.5720    -0.0004    -0.0003
     14      -0.0000   0.1057   0.0522    1930        -1.87143       0.5470     0.0022     0.0004
     15      -0.0000   0.1409   0.0522    1929        -1.90570       0.4906     0.0002    -0.0001
     15      -0.0000   0.1409   0.0522    1930        -1.90111       0.3500     0.0008    -0.0001
     16      -0.0000   0.1761   0.0522    1929        -1.93465       0.1699    -0.0011     0.0040
     16      -0.0000   0.1761   0.0522    1930        -1.92346       0.0014     0.0007     0.0001
     17      -0.0000   0.2113   0.0522    1929        -1.92935      -0.2865     0.0002    -0.0139
     17      -0.0000   0.2113   0.0522    1930        -1.92802       0.4171     0.0007     0.0137
     18      -0.0000   0.2465   0.0522    1929        -1.92979      -0.2769     0.0004     0.0000
     18      -0.0000   0.2465   0.0522    1930        -1.91003      -0.3031     0.0012    -0.0010
     19      -0.0000   0.2818   0.0522    1929        -1.91608      -0.2432     0.0003    -0.0002
     19      -0.0000   0.2818   0.0522    1930        -1.89333       0.8036    -0.0004     0.0003
     20      -0.0000   0.3170   0.0522    1929        -1.89848      -0.2210     0.0001    -0.0002
     20      -0.0000   0.3170   0.0522    1930        -1.86936       0.8532    -0.0001     0.0004
     21      -0.0000   0.3522   0.0522    1929        -1.88581      -0.0003    -0.0002    -0.0003
     21      -0.0000   0.3522   0.0522    1930        -1.85939       0.0002     0.0003     0.0005
# Print out the spin texture for bands in the energy range of:  [   -2.0000000eV,    2.0000000 eV]
# Reciprocal lattice vector unit: A^-1
#  k point #    kx       ky       kz     State #     Eigenvalue     sigma_x    sigma_y    sigma_z
      1      -0.0000  -0.3522   0.0696    1929        -1.88442      -0.0003    -0.0002    -0.0003
      1      -0.0000  -0.3522   0.0696    1930        -1.85113       0.0003     0.0003     0.0008
      2      -0.0000  -0.3170   0.0696    1929        -1.89614       0.2099    -0.0002    -0.0002
      2      -0.0000  -0.3170   0.0696    1930        -1.86607      -0.8341     0.0003     0.0003
      3      -0.0000  -0.2818   0.0696    1929        -1.91396       0.2354    -0.0004    -0.0003
      3      -0.0000  -0.2818   0.0696    1930        -1.89110      -0.7964     0.0004     0.0002
      4      -0.0000  -0.2465   0.0696    1929        -1.92877       0.2662    -0.0005    -0.0004
      4      -0.0000  -0.2465   0.0696    1930        -1.90803      -0.6815     0.0007     0.0003
      5      -0.0000  -0.2113   0.0696    1929        -1.92969      -0.2892     0.0018     0.0062
      5      -0.0000  -0.2113   0.0696    1930        -1.92588       0.2962    -0.0029    -0.0068
      6      -0.0000  -0.1761   0.0696    1929        -1.93606      -0.6938    -0.0401    -0.2294
      6      -0.0000  -0.1761   0.0696    1930        -1.92679       0.0304    -0.0005    -0.0002
      7      -0.0000  -0.1409   0.0696    1929        -1.91049      -0.4681     0.0002     0.0001
      7      -0.0000  -0.1409   0.0696    1930        -1.90570      -0.3279    -0.0001     0.0001
      8      -0.0000  -0.1057   0.0696    1929        -1.87704      -0.5626     0.0013     0.0002
      8      -0.0000  -0.1057   0.0696    1930        -1.87649      -0.5387    -0.0003     0.0003
      9      -0.0000  -0.0704   0.0696    1929        -1.85190       0.2538     0.0013     0.0004
      9      -0.0000  -0.0704   0.0696    1930        -1.84783      -0.5508    -0.0013    -0.0002
     10      -0.0000  -0.0352   0.0696    1929        -1.83531       0.3179     0.0007     0.0002
     10      -0.0000  -0.0352   0.0696    1930        -1.82927      -0.4747    -0.0007    -0.0002
     11      -0.0000  -0.0000   0.0696    1929        -1.82590       0.3501     0.1803     0.0858
     11      -0.0000  -0.0000   0.0696    1930        -1.82589      -0.3501    -0.1802    -0.0858
     12      -0.0000   0.0352   0.0696    1929        -1.83529      -0.3180     0.0003     0.0002
     12      -0.0000   0.0352   0.0696    1930        -1.82928       0.4746    -0.0002    -0.0003
     13      -0.0000   0.0704   0.0696    1929        -1.85188      -0.2538     0.0006     0.0002
     13      -0.0000   0.0704   0.0696    1930        -1.84783       0.5508    -0.0005    -0.0003
     14      -0.0000   0.1057   0.0696    1929        -1.87704       0.5627    -0.0000    -0.0001
     14      -0.0000   0.1057   0.0696    1930        -1.87649       0.5388     0.0014     0.0003
     15      -0.0000   0.1409   0.0696    1929        -1.91049       0.4683     0.0003    -0.0001
     15      -0.0000   0.1409   0.0696    1930        -1.90571       0.3282     0.0007    -0.0000
     16      -0.0000   0.1761   0.0696    1929        -1.93607       0.7194    -0.0590     0.1364
     16      -0.0000   0.1761   0.0696    1930        -1.92682      -0.0300     0.0007     0.0002
     17      -0.0000   0.2113   0.0696    1929        -1.92968       0.2900    -0.0000    -0.0041
     17      -0.0000   0.2113   0.0696    1930        -1.92592      -0.2962     0.0011     0.0036
     18      -0.0000   0.2465   0.0696    1929        -1.92881      -0.2661     0.0004    -0.0001
     18      -0.0000   0.2465   0.0696    1930        -1.90803       0.6815    -0.0005     0.0002
     19      -0.0000   0.2818   0.0696    1929        -1.91400      -0.2353     0.0002    -0.0003
     19      -0.0000   0.2818   0.0696    1930        -1.89111       0.7963    -0.0003     0.0004
     20      -0.0000   0.3170   0.0696    1929        -1.89618      -0.2099     0.0000    -0.0003
     20      -0.0000   0.3170   0.0696    1930        -1.86608       0.8341    -0.0001     0.0004
     21      -0.0000   0.3522   0.0696    1929        -1.88442      -0.0003    -0.0002    -0.0003
     21      -0.0000   0.3522   0.0696    1930        -1.85113       0.0003     0.0003     0.0008
# Print out the spin texture for bands in the energy range of:  [   -2.0000000eV,    2.0000000 eV]
# Reciprocal lattice vector unit: A^-1
#  k point #    kx       ky       kz     State #     Eigenvalue     sigma_x    sigma_y    sigma_z
      1      -0.0000  -0.3522   0.0870    1929        -1.88081      -0.0003    -0.0002    -0.0003
      1      -0.0000  -0.3522   0.0870    1930        -1.84208       0.0003     0.0003     0.0014
      2      -0.0000  -0.3170   0.0870    1929        -1.89218       0.2033    -0.0002    -0.0002
      2      -0.0000  -0.3170   0.0870    1930        -1.86157      -0.8112     0.0003     0.0003
      3      -0.0000  -0.2818   0.0870    1929        -1.91047       0.2282    -0.0003    -0.0003
      3      -0.0000  -0.2818   0.0870    1930        -1.88793      -0.7838     0.0003     0.0002
      4      -0.0000  -0.2465   0.0870    1929        -1.92655       0.2516    -0.0005    -0.0004
      4      -0.0000  -0.2465   0.0870    1930        -1.90664      -0.6922     0.0005     0.0003
      5      -0.0000  -0.2113   0.0870    1929        -1.93230      -0.1693     0.0004     0.0020
      5      -0.0000  -0.2113   0.0870    1930        -1.92155       0.3055    -0.0013    -0.0027
      6      -0.0000  -0.1761   0.0870    1929        -1.93551       0.1287    -0.0414    -0.1520
      6      -0.0000  -0.1761   0.0870    1930        -1.93026       0.0673    -0.0004    -0.0002
      7      -0.0000  -0.1409   0.0870    1929        -1.91607      -0.4324     0.0002     0.0000
      7      -0.0000  -0.1409   0.0870    1930        -1.91106      -0.2995    -0.0001     0.0001
      8      -0.0000  -0.1057   0.0870    1929        -1.88313      -0.5509     0.0011     0.0001
      8      -0.0000  -0.1057   0.0870    1930        -1.88255      -0.5283    -0.0002     0.0002
      9      -0.0000  -0.0704   0.0870    1929        -1.85533       0.2422     0.0036     0.0006
      9      -0.0000  -0.0704   0.0870    1930        -1.85368      -0.5462    -0.0037    -0.0005
     10      -0.0000  -0.0352   0.0870    1929        -1.83910       0.3064     0.0010     0.0003
     10      -0.0000  -0.0352   0.0870    1930        -1.83432      -0.4679    -0.0009    -0.0002
     11      -0.0000  -0.0000   0.0870    1929        -1.83019       0.3317     0.1889     0.0940
     11      -0.0000  -0.0000   0.0870    1930        -1.83018      -0.3318    -0.1888    -0.0940
     12      -0.0000   0.0352   0.0870    1929        -1.83909      -0.3064     0.0005     0.0004
     12      -0.0000   0.0352   0.0870    1930        -1.83433       0.4679    -0.0004    -0.0004
     13      -0.0000   0.0704   0.0870    1929        -1.85531      -0.2422     0.0020     0.0010
     13      -0.0000   0.0704   0.0870    1930        -1.85368       0.5462    -0.0019    -0.0012
     14      -0.0000   0.1057   0.0870    1929        -1.88313       0.5510     0.0001    -0.0000
     14      -0.0000   0.1057   0.0870    1930        -1.88255       0.5284     0.0010     0.0002
     15      -0.0000   0.1409   0.0870    1929        -1.91608       0.4327     0.0003    -0.0000
     15      -0.0000   0.1409   0.0870    1930        -1.91108       0.3000     0.0007    -0.0000
     16      -0.0000   0.1761   0.0870    1929        -1.93555      -0.1258    -0.0669     0.1566
     16      -0.0000   0.1761   0.0870    1930        -1.93029      -0.0669     0.0007     0.0002
     17      -0.0000   0.2113   0.0870    1929        -1.93228       0.1700     0.0000    -0.0012
     17      -0.0000   0.2113   0.0870    1930        -1.92160      -0.3055     0.0012     0.0002
     18      -0.0000   0.2465   0.0870    1929        -1.92660      -0.2515     0.0004    -0.0003
     18      -0.0000   0.2465   0.0870    1930        -1.90664       0.6920    -0.0005     0.0004
     19      -0.0000   0.2818   0.0870    1929        -1.91052      -0.2281     0.0002    -0.0004
     19      -0.0000   0.2818   0.0870    1930        -1.88794       0.7837    -0.0003     0.0005
     20      -0.0000   0.3170   0.0870    1929        -1.89222      -0.2034     0.0000    -0.0003
     20      -0.0000   0.3170   0.0870    1930        -1.86159       0.8111    -0.0001     0.0005
     21      -0.0000   0.3522   0.0870    1929        -1.88081      -0.0003    -0.0002    -0.0003
     21      -0.0000   0.3522   0.0870    1930        -1.84208       0.0003     0.0003     0.0014
# Print out the spin texture for bands in the energy range of:  [   -2.0000000eV,    2.0000000 eV]
# Reciprocal lattice vector unit: A^-1
#  k point #    kx       ky       kz     State #     Eigenvalue     sigma_x    sigma_y    sigma_z
      1      -0.0000  -0.3522   0.1044    1929        -1.87499      -0.0004    -0.0002    -0.0003
      1      -0.0000  -0.3522   0.1044    1930        -1.83225       0.0003     0.0004     0.0028
      2      -0.0000  -0.3170   0.1044    1929        -1.88641       0.2018    -0.0002    -0.0002
      2      -0.0000  -0.3170   0.1044    1930        -1.85578      -0.7855     0.0002     0.0003
      3      -0.0000  -0.2818   0.1044    1929        -1.90541       0.2235    -0.0003    -0.0003
      3      -0.0000  -0.2818   0.1044    1930        -1.88366      -0.7654     0.0002     0.0002
      4      -0.0000  -0.2465   0.1044    1929        -1.92281       0.2361    -0.0004    -0.0004
      4      -0.0000  -0.2465   0.1044    1930        -1.90446      -0.6966     0.0004     0.0003
      5      -0.0000  -0.2113   0.1044    1929        -1.93427       0.2512    -0.0005    -0.0006
      5      -0.0000  -0.2113   0.1044    1930        -1.91641       0.3138    -0.0007    -0.0016
      6      -0.0000  -0.1761   0.1044    1929        -1.93322       0.1070    -0.0015    -0.0002
      6      -0.0000  -0.1761   0.1044    1930        -1.93260       0.2361    -0.0031    -0.0101
      7      -0.0000  -0.1409   0.1044    1929        -1.92190      -0.3694     0.0002    -0.0001
      7      -0.0000  -0.1409   0.1044    1930        -1.91681      -0.2636    -0.0000     0.0001
      8      -0.0000  -0.1057   0.1044    1929        -1.89003      -0.5360     0.0009     0.0000
      8      -0.0000  -0.1057   0.1044    1930        -1.88937      -0.5157    -0.0001     0.0002
      9      -0.0000  -0.0704   0.1044    1929        -1.86032      -0.5408     0.0075     0.0004
      9      -0.0000  -0.0704   0.1044    1930        -1.85940       0.2283    -0.0085     0.0002
     10      -0.0000  -0.0352   0.1044    1929        -1.84347       0.2923     0.0015     0.0003
     10      -0.0000  -0.0352   0.1044    1930        -1.84005      -0.4597    -0.0014    -0.0002
     11      -0.0000  -0.0000   0.1044    1929        -1.83504       0.3070     0.1988     0.1048
     11      -0.0000  -0.0000   0.1044    1930        -1.83502      -0.3071    -0.1987    -0.1048
     12      -0.0000   0.0352   0.1044    1929        -1.84346      -0.2924     0.0008     0.0007
     12      -0.0000   0.0352   0.1044    1930        -1.84005       0.4596    -0.0007    -0.0008
     13      -0.0000   0.0704   0.1044    1929        -1.86032       0.5409     0.0041     0.0027
     13      -0.0000   0.0704   0.1044    1930        -1.85938      -0.2286    -0.0038    -0.0027
     14      -0.0000   0.1057   0.1044    1929        -1.89003       0.5361     0.0002     0.0000
     14      -0.0000   0.1057   0.1044    1930        -1.88937       0.5160     0.0009     0.0002
     15      -0.0000   0.1409   0.1044    1929        -1.92191       0.3699     0.0003     0.0000
     15      -0.0000   0.1409   0.1044    1930        -1.91682       0.2642     0.0007     0.0000
     16      -0.0000   0.1761   0.1044    1929        -1.93325      -0.1059     0.0003     0.0011
     16      -0.0000   0.1761   0.1044    1930        -1.93265      -0.2367    -0.0025     0.0069
     17      -0.0000   0.2113   0.1044    1929        -1.93432      -0.2510     0.0006     0.0001
     17      -0.0000   0.2113   0.1044    1930        -1.91646      -0.3140     0.0016    -0.0010
     18      -0.0000   0.2465   0.1044    1929        -1.92287      -0.2361     0.0004    -0.0005
     18      -0.0000   0.2465   0.1044    1930        -1.90447       0.6965    -0.0005     0.0005
     19      -0.0000   0.2818   0.1044    1929        -1.90547      -0.2235     0.0002    -0.0005
     19      -0.0000   0.2818   0.1044    1930        -1.88368       0.7654    -0.0003     0.0006
     20      -0.0000   0.3170   0.1044    1929        -1.88646      -0.2020    -0.0000    -0.0004
     20      -0.0000   0.3170   0.1044    1930        -1.85580       0.7855    -0.0001     0.0005
     21      -0.0000   0.3522   0.1044    1929        -1.87499      -0.0004    -0.0002    -0.0003
     21      -0.0000   0.3522   0.1044    1930        -1.83225       0.0003     0.0004     0.0028
# Print out the spin texture for bands in the energy range of:  [   -2.0000000eV,    2.0000000 eV]
# Reciprocal lattice vector unit: A^-1
#  k point #    kx       ky       kz     State #     Eigenvalue     sigma_x    sigma_y    sigma_z
      1      -0.0000  -0.3522   0.1219    1929        -1.86710      -0.0005    -0.0002    -0.0003
      1      -0.0000  -0.3522   0.1219    1930        -1.82167       0.0004     0.0004     0.0070
      2      -0.0000  -0.3170   0.1218    1929        -1.87888       0.2055    -0.0002    -0.0002
      2      -0.0000  -0.3170   0.1218    1930        -1.84866      -0.7587     0.0002     0.0003
      3      -0.0000  -0.2818   0.1218    1929        -1.89878       0.2229    -0.0002    -0.0002
      3      -0.0000  -0.2818   0.1218    1930        -1.87816      -0.7422     0.0002     0.0002
      4      -0.0000  -0.2465   0.1218    1929        -1.91752       0.2237    -0.0003    -0.0003
      4      -0.0000  -0.2465   0.1218    1930        -1.90124      -0.6925     0.0003     0.0002
      5      -0.0000  -0.2113   0.1218    1929        -1.93151       0.2325    -0.0005    -0.0006
      5      -0.0000  -0.2113   0.1218    1930        -1.91484      -0.5394     0.0005     0.0004
      6      -0.0000  -0.1761   0.1218    1929        -1.93462      -0.4997     0.0003     0.0037
      6      -0.0000  -0.1761   0.1218    1930        -1.92814       0.2834    -0.0020    -0.0044
      7      -0.0000  -0.1409   0.1218    1929        -1.92700      -0.2477     0.0000    -0.0004
      7      -0.0000  -0.1409   0.1218    1930        -1.92246      -0.2189     0.0000     0.0000
      8      -0.0000  -0.1057   0.1218    1929        -1.89748      -0.5156     0.0008     0.0000
      8      -0.0000  -0.1057   0.1218    1930        -1.89667      -0.5011     0.0000     0.0001
      9      -0.0000  -0.0704   0.1218    1929        -1.86757      -0.5352     0.0022    -0.0001
      9      -0.0000  -0.0704   0.1218    1930        -1.86620      -0.5310     0.0001     0.0003
     10      -0.0000  -0.0352   0.1218    1929        -1.84831       0.2760     0.0026     0.0004
     10      -0.0000  -0.0352   0.1218    1930        -1.84627      -0.4503    -0.0026    -0.0003
     11      -0.0000  -0.0000   0.1218    1929        -1.84030       0.2745     0.2093     0.1187
     11      -0.0000  -0.0000   0.1218    1930        -1.84028      -0.2746    -0.2092    -0.1187
     12      -0.0000   0.0352   0.1218    1929        -1.84830      -0.2761     0.0015     0.0016
     12      -0.0000   0.0352   0.1218    1930        -1.84628       0.4502    -0.0014    -0.0017
     13      -0.0000   0.0704   0.1218    1929        -1.86757       0.5352     0.0013     0.0010
     13      -0.0000   0.0704   0.1218    1930        -1.86619       0.5310     0.0004     0.0005
     14      -0.0000   0.1057   0.1218    1929        -1.89748       0.5157     0.0003     0.0001
     14      -0.0000   0.1057   0.1218    1930        -1.89668       0.5014     0.0008     0.0001
     15      -0.0000   0.1409   0.1218    1929        -1.92701       0.2485     0.0002     0.0001
     15      -0.0000   0.1409   0.1218    1930        -1.92249       0.2196     0.0008     0.0000
     16      -0.0000   0.1761   0.1218    1929        -1.93463       0.5043     0.0009    -0.0024
     16      -0.0000   0.1761   0.1218    1930        -1.92819      -0.2833    -0.0005     0.0024
     17      -0.0000   0.2113   0.1218    1929        -1.93156      -0.2324     0.0007    -0.0002
     17      -0.0000   0.2113   0.1218    1930        -1.91484       0.5392    -0.0007     0.0003
     18      -0.0000   0.2465   0.1218    1929        -1.91758      -0.2237     0.0005    -0.0007
     18      -0.0000   0.2465   0.1218    1930        -1.90126       0.6924    -0.0006     0.0007
     19      -0.0000   0.2818   0.1218    1929        -1.89885      -0.2229     0.0002    -0.0006
     19      -0.0000   0.2818   0.1218    1930        -1.87818       0.7422    -0.0003     0.0006
     20      -0.0000   0.3170   0.1218    1929        -1.87893      -0.2057    -0.0000    -0.0004
     20      -0.0000   0.3170   0.1218    1930        -1.84868       0.7587    -0.0001     0.0005
     21      -0.0000   0.3522   0.1218    1929        -1.86710      -0.0005    -0.0002    -0.0003
     21      -0.0000   0.3522   0.1218    1930        -1.82167       0.0004     0.0004     0.0070
# Print out the spin texture for bands in the energy range of:  [   -2.0000000eV,    2.0000000 eV]
# Reciprocal lattice vector unit: A^-1
#  k point #    kx       ky       kz     State #     Eigenvalue     sigma_x    sigma_y    sigma_z
      1      -0.0000  -0.3522   0.1393    1929        -1.85740      -0.0005    -0.0002    -0.0003
      1      -0.0000  -0.3522   0.1393    1930        -1.81039       0.0005     0.0004     0.1040
      2      -0.0000  -0.3170   0.1393    1929        -1.86973       0.2140    -0.0001    -0.0002
      2      -0.0000  -0.3170   0.1393    1930        -1.84024      -0.7321     0.0002     0.0003
      3      -0.0000  -0.2818   0.1393    1929        -1.89070       0.2271    -0.0001    -0.0002
      3      -0.0000  -0.2818   0.1393    1930        -1.87134      -0.7158     0.0001     0.0002
      4      -0.0000  -0.2465   0.1393    1929        -1.91079       0.2169    -0.0002    -0.0003
      4      -0.0000  -0.2465   0.1393    1930        -1.89672      -0.6792     0.0001     0.0002
      5      -0.0000  -0.2113   0.1393    1929        -1.92699       0.2139    -0.0004    -0.0006
      5      -0.0000  -0.2113   0.1393    1930        -1.91387      -0.5718     0.0004     0.0004
      6      -0.0000  -0.1761   0.1393    1929        -1.93473      -0.2829    -0.0016     0.0009
      6      -0.0000  -0.1761   0.1393    1930        -1.92263       0.3056    -0.0012    -0.0028
      7      -0.0000  -0.1409   0.1393    1929        -1.92966      -0.0481    -0.0003    -0.0010
      7      -0.0000  -0.1409   0.1393    1930        -1.92742      -0.1644    -0.0000    -0.0001
      8      -0.0000  -0.1057   0.1393    1929        -1.90515      -0.4844     0.0007    -0.0000
      8      -0.0000  -0.1057   0.1393    1930        -1.90416      -0.4834     0.0001     0.0001
      9      -0.0000  -0.0704   0.1393    1929        -1.87525      -0.5294     0.0014    -0.0002
      9      -0.0000  -0.0704   0.1393    1930        -1.87420      -0.5205     0.0002     0.0002
     10      -0.0000  -0.0352   0.1393    1929        -1.85354       0.2581     0.0083     0.0004
     10      -0.0000  -0.0352   0.1393    1930        -1.85287      -0.4403    -0.0082    -0.0003
     11      -0.0000  -0.0000   0.1393    1929        -1.84584       0.2323     0.2192     0.1359
     11      -0.0000  -0.0000   0.1393    1930        -1.84582      -0.2324    -0.2191    -0.1359
     12      -0.0000   0.0352   0.1393    1929        -1.85353      -0.2583     0.0048     0.0064
     12      -0.0000   0.0352   0.1393    1930        -1.85288       0.4403    -0.0048    -0.0065
     13      -0.0000   0.0704   0.1393    1929        -1.87525       0.5294     0.0008     0.0007
     13      -0.0000   0.0704   0.1393    1930        -1.87420       0.5205     0.0004     0.0004
     14      -0.0000   0.1057   0.1392    1929        -1.90514       0.4847     0.0003     0.0002
     14      -0.0000   0.1057   0.1392    1930        -1.90417       0.4839     0.0008     0.0001
     15      -0.0000   0.1409   0.1392    1929        -1.92969       0.0490    -0.0001     0.0006
     15      -0.0000   0.1409   0.1392    1930        -1.92745       0.1653     0.0008     0.0001
     16      -0.0000   0.1761   0.1392    1929        -1.93473       0.3493     0.0002    -0.0006
     16      -0.0000   0.1761   0.1392    1930        -1.92268      -0.3055     0.0006     0.0005
     17      -0.0000   0.2113   0.1392    1929        -1.92705      -0.2138     0.0009    -0.0006
     17      -0.0000   0.2113   0.1392    1930        -1.91389       0.5716    -0.0010     0.0007
     18      -0.0000   0.2465   0.1392    1929        -1.91085      -0.2169     0.0006    -0.0009
     18      -0.0000   0.2465   0.1392    1930        -1.89674       0.6791    -0.0007     0.0010
     19      -0.0000   0.2818   0.1392    1929        -1.89076      -0.2271     0.0003    -0.0006
     19      -0.0000   0.2818   0.1392    1930        -1.87137       0.7158    -0.0003     0.0007
     20      -0.0000   0.3170   0.1392    1929        -1.86979      -0.2143    -0.0000    -0.0004
     20      -0.0000   0.3170   0.1392    1930        -1.84027       0.7321    -0.0001     0.0005
     21      -0.0000   0.3522   0.1392    1929        -1.85740      -0.0005    -0.0002    -0.0003
     21      -0.0000   0.3522   0.1392    1930        -1.81039       0.0005     0.0004     0.1040
# Print out the spin texture for bands in the energy range of:  [   -2.0000000eV,    2.0000000 eV]
# Reciprocal lattice vector unit: A^-1
#  k point #    kx       ky       kz     State #     Eigenvalue     sigma_x    sigma_y    sigma_z
      1      -0.0000  -0.3522   0.1567    1929        -1.84618      -0.0006    -0.0002    -0.0003
      1      -0.0000  -0.3522   0.1567    1930        -1.79959       0.0021     0.0001     0.0144
      2      -0.0000  -0.3170   0.1567    1929        -1.85917       0.2267    -0.0001    -0.0002
      2      -0.0000  -0.3170   0.1567    1930        -1.83060      -0.7071     0.0001     0.0003
      3      -0.0000  -0.2818   0.1567    1929        -1.88131       0.2361    -0.0000    -0.0002
      3      -0.0000  -0.2818   0.1567    1930        -1.86320      -0.6887    -0.0000     0.0002
      4      -0.0000  -0.2465   0.1567    1929        -1.90276       0.2166     0.0000    -0.0002
      4      -0.0000  -0.2465   0.1567    1930        -1.89073      -0.6585    -0.0001     0.0001
      5      -0.0000  -0.2113   0.1567    1929        -1.92091       0.2011    -0.0002    -0.0005
      5      -0.0000  -0.2113   0.1567    1930        -1.91139      -0.5891     0.0001     0.0003
      6      -0.0000  -0.1761   0.1567    1929        -1.93246       0.1557    -0.0004    -0.0007
      6      -0.0000  -0.1761   0.1567    1930        -1.91944      -0.3538     0.0004     0.0005
      7      -0.0000  -0.1409   0.1567    1929        -1.93093      -0.1024     0.0001    -0.0001
      7      -0.0000  -0.1409   0.1567    1930        -1.92866       0.1367    -0.0008    -0.0017
      8      -0.0000  -0.1057   0.1567    1929        -1.91255      -0.4306     0.0006    -0.0001
      8      -0.0000  -0.1057   0.1567    1930        -1.91147      -0.4602     0.0001     0.0001
      9      -0.0000  -0.0704   0.1567    1929        -1.88318      -0.5235     0.0012    -0.0004
      9      -0.0000  -0.0704   0.1567    1930        -1.88254      -0.5081     0.0001     0.0003
     10      -0.0000  -0.0352   0.1567    1929        -1.85973      -0.4309     0.0090    -0.0008
     10      -0.0000  -0.0352   0.1567    1930        -1.85910       0.2398    -0.0090     0.0011
     11      -0.0000  -0.0000   0.1567    1929        -1.85156       0.1785     0.2267     0.1559
     11      -0.0000  -0.0000   0.1567    1930        -1.85154      -0.1786    -0.2266    -0.1559
     12      -0.0000   0.0352   0.1567    1929        -1.85973       0.4308     0.0049     0.0082
     12      -0.0000   0.0352   0.1567    1930        -1.85909      -0.2400    -0.0048    -0.0084
     13      -0.0000   0.0704   0.1567    1929        -1.88317       0.5236     0.0006     0.0007
     13      -0.0000   0.0704   0.1567    1930        -1.88253       0.5081     0.0005     0.0004
     14      -0.0000   0.1057   0.1567    1929        -1.91255       0.4310     0.0003     0.0002
     14      -0.0000   0.1057   0.1567    1930        -1.91148       0.4609     0.0008     0.0002
     15      -0.0000   0.1409   0.1567    1929        -1.93097       0.1033     0.0007     0.0003
     15      -0.0000   0.1409   0.1567    1930        -1.92870      -0.1362    -0.0003     0.0009
     16      -0.0000   0.1761   0.1567    1929        -1.93252      -0.1554     0.0011     0.0000
     16      -0.0000   0.1761   0.1567    1930        -1.91945       0.3535    -0.0011     0.0002
     17      -0.0000   0.2113   0.1567    1929        -1.92097      -0.2010     0.0014    -0.0012
     17      -0.0000   0.2113   0.1567    1930        -1.91141       0.5890    -0.0014     0.0013
     18      -0.0000   0.2465   0.1567    1929        -1.90283      -0.2166     0.0008    -0.0012
     18      -0.0000   0.2465   0.1567    1930        -1.89076       0.6585    -0.0008     0.0012
     19      -0.0000   0.2818   0.1567    1929        -1.88138      -0.2362     0.0003    -0.0007
     19      -0.0000   0.2818   0.1567    1930        -1.86323       0.6887    -0.0003     0.0007
     20      -0.0000   0.3170   0.1567    1929        -1.85923      -0.2271    -0.0000    -0.0004
     20      -0.0000   0.3170   0.1567    1930        -1.83064       0.7071    -0.0001     0.0005
     21      -0.0000   0.3522   0.1567    1929        -1.84618      -0.0006    -0.0002    -0.0003
     21      -0.0000   0.3522   0.1567    1930        -1.79959       0.0021     0.0001     0.0144
# Print out the spin texture for bands in the energy range of:  [   -2.0000000eV,    2.0000000 eV]
# Reciprocal lattice vector unit: A^-1
#  k point #    kx       ky       kz     State #     Eigenvalue     sigma_x    sigma_y    sigma_z
      1      -0.0000  -0.3522   0.1741    1929        -1.83374      -0.0006    -0.0001    -0.0003
      1      -0.0000  -0.3522   0.1741    1930        -1.78805       0.0025     0.0001     0.0084
      2      -0.0000  -0.3170   0.1741    1929        -1.84742       0.2429    -0.0001    -0.0002
      2      -0.0000  -0.3170   0.1741    1930        -1.81987      -0.6846     0.0001     0.0004
      3      -0.0000  -0.2818   0.1741    1929        -1.87076       0.2496     0.0001    -0.0002
      3      -0.0000  -0.2818   0.1741    1930        -1.85377      -0.6628    -0.0001     0.0002
      4      -0.0000  -0.2465   0.1741    1929        -1.89358       0.2226     0.0003    -0.0001
      4      -0.0000  -0.2465   0.1741    1930        -1.88323      -0.6339    -0.0003     0.0000
      5      -0.0000  -0.2113   0.1741    1929        -1.91348       0.1960     0.0003    -0.0002
      5      -0.0000  -0.2113   0.1741    1930        -1.90700      -0.5881    -0.0004     0.0001
      6      -0.0000  -0.1761   0.1741    1929        -1.92810       0.1542    -0.0004    -0.0008
      6      -0.0000  -0.1761   0.1741    1930        -1.92070      -0.4231     0.0003     0.0006
      7      -0.0000  -0.1409   0.1741    1929        -1.93225      -0.0413    -0.0001    -0.0003
      7      -0.0000  -0.1409   0.1741    1930        -1.92477       0.2343    -0.0007    -0.0018
      8      -0.0000  -0.1057   0.1741    1929        -1.91885      -0.3301     0.0006    -0.0002
      8      -0.0000  -0.1057   0.1741    1930        -1.91810      -0.4253    -0.0000     0.0000
      9      -0.0000  -0.0704   0.1741    1929        -1.89120      -0.5099     0.0015    -0.0009
      9      -0.0000  -0.0704   0.1741    1930        -1.89094      -0.4997    -0.0003     0.0008
     10      -0.0000  -0.0352   0.1741    1929        -1.86678      -0.4237     0.0033    -0.0009
     10      -0.0000  -0.0352   0.1741    1930        -1.86549      -0.4419     0.0001     0.0022
     11      -0.0000  -0.0000   0.1741    1929        -1.85740       0.1123     0.2293     0.1761
     11      -0.0000  -0.0000   0.1741    1930        -1.85738      -0.1125    -0.2293    -0.1761
     12      -0.0000   0.0352   0.1741    1929        -1.86678       0.4236     0.0016     0.0037
     12      -0.0000   0.0352   0.1741    1930        -1.86549       0.4424     0.0006     0.0004
     13      -0.0000   0.0704   0.1741    1929        -1.89119       0.5104     0.0002     0.0009
     13      -0.0000   0.0704   0.1741    1930        -1.89094       0.4994     0.0007     0.0002
     14      -0.0000   0.1057   0.1741    1929        -1.91885       0.3306     0.0002     0.0003
     14      -0.0000   0.1057   0.1741    1930        -1.91811       0.4264     0.0009     0.0002
     15      -0.0000   0.1409   0.1741    1929        -1.93229       0.0420     0.0009     0.0003
     15      -0.0000   0.1409   0.1741    1930        -1.92482      -0.2340    -0.0001     0.0008
     16      -0.0000   0.1761   0.1741    1929        -1.92816      -0.1540     0.0021    -0.0008
     16      -0.0000   0.1761   0.1741    1930        -1.92071       0.4228    -0.0021     0.0010
     17      -0.0000   0.2113   0.1741    1929        -1.91355      -0.1959     0.0021    -0.0022
     17      -0.0000   0.2113   0.1741    1930        -1.90703       0.5881    -0.0022     0.0023
     18      -0.0000   0.2465   0.1741    1929        -1.89365      -0.2226     0.0009    -0.0014
     18      -0.0000   0.2465   0.1741    1930        -1.88326       0.6340    -0.0010     0.0014
     19      -0.0000   0.2818   0.1741    1929        -1.87083      -0.2497     0.0003    -0.0007
     19      -0.0000   0.2818   0.1741    1930        -1.85381       0.6629    -0.0003     0.0007
     20      -0.0000   0.3170   0.1741    1929        -1.84748      -0.2433    -0.0000    -0.0004
     20      -0.0000   0.3170   0.1741    1930        -1.81991       0.6846    -0.0001     0.0005
     21      -0.0000   0.3522   0.1741    1929        -1.83374      -0.0006    -0.0001    -0.0003
     21      -0.0000   0.3522   0.1741    1930        -1.78805       0.0025     0.0001     0.0084
# Print out the spin texture for bands in the energy range of:  [   -2.0000000eV,    2.0000000 eV]
# Reciprocal lattice vector unit: A^-1
#  k point #    kx       ky       kz     State #     Eigenvalue     sigma_x    sigma_y    sigma_z
      1      -0.0000  -0.3522   0.1915    1929        -1.82040      -0.0007    -0.0001    -0.0003
      1      -0.0000  -0.3522   0.1915    1930        -1.77596       0.0029     0.0001     0.0065
      2      -0.0000  -0.3170   0.1915    1929        -1.83469       0.2615    -0.0001    -0.0002
      2      -0.0000  -0.3170   0.1915    1930        -1.80821      -0.6650     0.0001     0.0004
      3      -0.0000  -0.2818   0.1915    1929        -1.85917       0.2671     0.0001    -0.0001
      3      -0.0000  -0.2818   0.1915    1930        -1.84316      -0.6398    -0.0002     0.0002
      4      -0.0000  -0.2465   0.1915    1929        -1.88336       0.2343     0.0005     0.0000
      4      -0.0000  -0.2465   0.1915    1930        -1.87427      -0.6091    -0.0005    -0.0000
      5      -0.0000  -0.2113   0.1915    1929        -1.90490       0.1987     0.0012     0.0002
      5      -0.0000  -0.2113   0.1915    1930        -1.90061      -0.5729    -0.0013    -0.0002
      6      -0.0000  -0.1761   0.1915    1929        -1.92201       0.1542     0.0009    -0.0009
      6      -0.0000  -0.1761   0.1915    1930        -1.91959      -0.4772    -0.0010     0.0007
      7      -0.0000  -0.1409   0.1915    1929        -1.93098       0.0099    -0.0002    -0.0006
      7      -0.0000  -0.1409   0.1915    1930        -1.92127      -0.1512     0.0002     0.0006
      8      -0.0000  -0.1057   0.1915    1929        -1.92341      -0.3724     0.0005    -0.0001
      8      -0.0000  -0.1057   0.1915    1930        -1.92262      -0.1574    -0.0002    -0.0003
      9      -0.0000  -0.0704   0.1915    1929        -1.89934      -0.4684     0.0009    -0.0005
      9      -0.0000  -0.0704   0.1915    1930        -1.89885      -0.5108     0.0001     0.0003
     10      -0.0000  -0.0352   0.1915    1929        -1.87398      -0.4225     0.0026    -0.0026
     10      -0.0000  -0.0352   0.1915    1930        -1.87367      -0.4314     0.0001     0.0025
     11      -0.0000  -0.0000   0.1915    1929        -1.86332       0.0376     0.2258     0.1908
     11      -0.0000  -0.0000   0.1915    1930        -1.86330      -0.0378    -0.2257    -0.1909
     12      -0.0000   0.0352   0.1915    1929        -1.87398       0.4222     0.0007     0.0034
     12      -0.0000   0.0352   0.1915    1930        -1.87366       0.4316     0.0007     0.0003
     13      -0.0000   0.0704   0.1915    1929        -1.89933       0.4684     0.0001     0.0007
     13      -0.0000   0.0704   0.1915    1930        -1.89885       0.5113     0.0007     0.0005
     14      -0.0000   0.1057   0.1915    1929        -1.92343       0.3740     0.0005     0.0005
     14      -0.0000   0.1057   0.1915    1930        -1.92263       0.1579     0.0004     0.0001
     15      -0.0000   0.1409   0.1915    1929        -1.93103      -0.0093     0.0015     0.0003
     15      -0.0000   0.1409   0.1915    1930        -1.92127       0.1510    -0.0015    -0.0001
     16      -0.0000   0.1761   0.1915    1929        -1.92207      -0.1540     0.0070    -0.0050
     16      -0.0000   0.1761   0.1915    1930        -1.91961       0.4771    -0.0071     0.0051
     17      -0.0000   0.2113   0.1915    1929        -1.90496      -0.1986     0.0033    -0.0037
     17      -0.0000   0.2113   0.1915    1930        -1.90065       0.5729    -0.0033     0.0037
     18      -0.0000   0.2465   0.1915    1929        -1.88343      -0.2343     0.0010    -0.0015
     18      -0.0000   0.2465   0.1915    1930        -1.87431       0.6091    -0.0011     0.0015
     19      -0.0000   0.2818   0.1915    1929        -1.85925      -0.2672     0.0003    -0.0007
     19      -0.0000   0.2818   0.1915    1930        -1.84320       0.6399    -0.0003     0.0007
     20      -0.0000   0.3170   0.1915    1929        -1.83475      -0.2619    -0.0000    -0.0004
     20      -0.0000   0.3170   0.1915    1930        -1.80826       0.6651    -0.0001     0.0005
     21      -0.0000   0.3522   0.1915    1929        -1.82040      -0.0007    -0.0001    -0.0003
     21      -0.0000   0.3522   0.1915    1930        -1.77596       0.0029     0.0001     0.0065
# Print out the spin texture for bands in the energy range of:  [   -2.0000000eV,    2.0000000 eV]
# Reciprocal lattice vector unit: A^-1
#  k point #    kx       ky       kz     State #     Eigenvalue     sigma_x    sigma_y    sigma_z
      1      -0.0000  -0.3522   0.2089    1929        -1.80649      -0.0008    -0.0001    -0.0003
      1      -0.0000  -0.3522   0.2089    1930        -1.76366       0.0034     0.0001     0.0053
      2      -0.0000  -0.3170   0.2089    1929        -1.82120       0.2812    -0.0000    -0.0002
      2      -0.0000  -0.3170   0.2089    1930        -1.79583      -0.6483     0.0001     0.0004
      3      -0.0000  -0.2818   0.2089    1929        -1.84668       0.2877     0.0002    -0.0001
      3      -0.0000  -0.2818   0.2089    1930        -1.83148      -0.6203    -0.0002     0.0002
      4      -0.0000  -0.2465   0.2089    1929        -1.87218       0.2509     0.0007     0.0000
      4      -0.0000  -0.2465   0.2089    1930        -1.86398      -0.5866    -0.0007    -0.0001
      5      -0.0000  -0.2113   0.2089    1929        -1.89527       0.2083     0.0025     0.0008
      5      -0.0000  -0.2113   0.2089    1930        -1.89237      -0.5513    -0.0026    -0.0008
      6      -0.0000  -0.1761   0.2089    1929        -1.91538      -0.4963     0.0076     0.0018
      6      -0.0000  -0.1761   0.2089    1930        -1.91449       0.1591    -0.0077    -0.0019
      7      -0.0000  -0.1409   0.2089    1929        -1.92727       0.0477     0.0006    -0.0016
      7      -0.0000  -0.1409   0.2089    1930        -1.92550      -0.2381    -0.0008     0.0014
      8      -0.0000  -0.1057   0.2089    1929        -1.92656      -0.2996     0.0002    -0.0001
      8      -0.0000  -0.1057   0.2089    1930        -1.92271       0.0359    -0.0001    -0.0007
      9      -0.0000  -0.0704   0.2089    1929        -1.90700      -0.4251     0.0007    -0.0003
      9      -0.0000  -0.0704   0.2089    1930        -1.90610      -0.5040     0.0003     0.0001
     10      -0.0000  -0.0352   0.2089    1929        -1.88201      -0.4256     0.0011    -0.0006
     10      -0.0000  -0.0352   0.2089    1930        -1.88114      -0.4228     0.0013     0.0004
     11      -0.0000  -0.0000   0.2089    1929        -1.86934      -0.0368     0.2192     0.1929
     11      -0.0000  -0.0000   0.2089    1930        -1.86932       0.0365    -0.2191    -0.1930
     12      -0.0000   0.0352   0.2089    1929        -1.88200       0.4255     0.0003     0.0014
     12      -0.0000   0.0352   0.2089    1930        -1.88114       0.4227     0.0007     0.0022
     13      -0.0000   0.0704   0.2089    1929        -1.90699       0.4253     0.0001     0.0006
     13      -0.0000   0.0704   0.2089    1930        -1.90610       0.5045     0.0006     0.0007
     14      -0.0000   0.1057   0.2089    1929        -1.92658       0.3007     0.0008     0.0005
     14      -0.0000   0.1057   0.2089    1930        -1.92273      -0.0350     0.0001     0.0003
     15      -0.0000   0.1409   0.2089    1929        -1.92732      -0.0472     0.0094    -0.0023
     15      -0.0000   0.1409   0.2089    1930        -1.92552       0.2376    -0.0094     0.0025
     16      -0.0000   0.1761   0.2089    1929        -1.91542       0.4961     0.0211    -0.0184
     16      -0.0000   0.1761   0.2089    1930        -1.91455      -0.1588    -0.0211     0.0184
     17      -0.0000   0.2113   0.2089    1929        -1.89534      -0.2082     0.0048    -0.0055
     17      -0.0000   0.2113   0.2089    1930        -1.89241       0.5513    -0.0049     0.0055
     18      -0.0000   0.2465   0.2089    1929        -1.87225      -0.2509     0.0011    -0.0016
     18      -0.0000   0.2465   0.2089    1930        -1.86402       0.5866    -0.0011     0.0016
     19      -0.0000   0.2818   0.2089    1929        -1.84675      -0.2878     0.0003    -0.0007
     19      -0.0000   0.2818   0.2089    1930        -1.83153       0.6203    -0.0003     0.0007
     20      -0.0000   0.3170   0.2089    1929        -1.82126      -0.2816    -0.0000    -0.0004
     20      -0.0000   0.3170   0.2089    1930        -1.79588       0.6483    -0.0001     0.0005
     21      -0.0000   0.3522   0.2089    1929        -1.80649      -0.0008    -0.0001    -0.0003
     21      -0.0000   0.3522   0.2089    1930        -1.76366       0.0034     0.0001     0.0053
# Print out the spin texture for bands in the energy range of:  [   -2.0000000eV,    2.0000000 eV]
# Reciprocal lattice vector unit: A^-1
#  k point #    kx       ky       kz     State #     Eigenvalue     sigma_x    sigma_y    sigma_z
      1      -0.0000  -0.3522   0.2263    1929        -1.79238      -0.0009    -0.0001    -0.0004
      1      -0.0000  -0.3522   0.2263    1930        -1.75152       0.0038     0.0001     0.0044
      2      -0.0000  -0.3170   0.2263    1929        -1.80718       0.3003    -0.0000    -0.0003
      2      -0.0000  -0.3170   0.2263    1930        -1.78297      -0.6340     0.0001     0.0004
      3      -0.0000  -0.2818   0.2263    1929        -1.83338       0.3103     0.0002    -0.0002
      3      -0.0000  -0.2818   0.2263    1930        -1.81893      -0.6043    -0.0002     0.0002
      4      -0.0000  -0.2465   0.2263    1929        -1.86010       0.2714     0.0008     0.0000
      4      -0.0000  -0.2465   0.2263    1930        -1.85251      -0.5677    -0.0009    -0.0000
      5      -0.0000  -0.2113   0.2263    1929        -1.88469       0.2237     0.0041     0.0013
      5      -0.0000  -0.2113   0.2263    1930        -1.88255      -0.5296    -0.0042    -0.0013
      6      -0.0000  -0.1761   0.2263    1929        -1.90830      -0.4866     0.0040     0.0017
      6      -0.0000  -0.1761   0.2263    1930        -1.90578       0.1699    -0.0041    -0.0017
      7      -0.0000  -0.1409   0.2263    1929        -1.92648      -0.3512     0.0015     0.0003
      7      -0.0000  -0.1409   0.2263    1930        -1.92155       0.0765    -0.0016    -0.0005
      8      -0.0000  -0.1057   0.2263    1929        -1.92694      -0.2058     0.0004    -0.0001
      8      -0.0000  -0.1057   0.2263    1930        -1.92109       0.0442    -0.0006     0.0003
      9      -0.0000  -0.0704   0.2263    1929        -1.91330      -0.3489     0.0007    -0.0003
      9      -0.0000  -0.0704   0.2263    1930        -1.91235      -0.4860     0.0003     0.0002
     10      -0.0000  -0.0352   0.2263    1929        -1.89015      -0.4177     0.0010    -0.0003
     10      -0.0000  -0.0352   0.2263    1930        -1.88835      -0.4321     0.0015     0.0001
     11      -0.0000  -0.0000   0.2263    1929        -1.87553      -0.1029     0.2186     0.1782
     11      -0.0000  -0.0000   0.2263    1930        -1.87550       0.1025    -0.2185    -0.1782
     12      -0.0000   0.0352   0.2263    1929        -1.89014       0.4176     0.0002     0.0011
     12      -0.0000   0.0352   0.2263    1930        -1.88834       0.4320     0.0004     0.0027
     13      -0.0000   0.0704   0.2263    1929        -1.91330       0.3493     0.0000     0.0005
     13      -0.0000   0.0704   0.2263    1930        -1.91235       0.4867     0.0006     0.0009
     14      -0.0000   0.1057   0.2263    1929        -1.92698       0.2067     0.0017     0.0009
     14      -0.0000   0.1057   0.2263    1930        -1.92110      -0.0444    -0.0017    -0.0009
     15      -0.0000   0.1409   0.2263    1929        -1.92651       0.3509     0.0041    -0.0023
     15      -0.0000   0.1409   0.2263    1930        -1.92161      -0.0762    -0.0042     0.0025
     16      -0.0000   0.1761   0.2263    1929        -1.90834       0.4866     0.0073    -0.0070
     16      -0.0000   0.1761   0.2263    1930        -1.90584      -0.1697    -0.0073     0.0070
     17      -0.0000   0.2113   0.2263    1929        -1.88476      -0.2237     0.0063    -0.0072
     17      -0.0000   0.2113   0.2263    1930        -1.88259       0.5296    -0.0063     0.0072
     18      -0.0000   0.2465   0.2263    1929        -1.86018      -0.2715     0.0011    -0.0016
     18      -0.0000   0.2465   0.2263    1930        -1.85256       0.5677    -0.0012     0.0016
     19      -0.0000   0.2818   0.2263    1929        -1.83346      -0.3104     0.0003    -0.0006
     19      -0.0000   0.2818   0.2263    1930        -1.81898       0.6043    -0.0003     0.0007
     20      -0.0000   0.3170   0.2263    1929        -1.80724      -0.3007    -0.0000    -0.0004
     20      -0.0000   0.3170   0.2263    1930        -1.78303       0.6341    -0.0001     0.0005
     21      -0.0000   0.3522   0.2263    1929        -1.79238      -0.0009    -0.0001    -0.0004
     21      -0.0000   0.3522   0.2263    1930        -1.75152       0.0038     0.0001     0.0044
# Print out the spin texture for bands in the energy range of:  [   -2.0000000eV,    2.0000000 eV]
# Reciprocal lattice vector unit: A^-1
#  k point #    kx       ky       kz     State #     Eigenvalue     sigma_x    sigma_y    sigma_z
      1      -0.0000  -0.3522   0.2437    1929        -1.77845      -0.0009    -0.0001    -0.0004
      1      -0.0000  -0.3522   0.2437    1930        -1.73997       0.0041     0.0002     0.0036
      2      -0.0000  -0.3170   0.2437    1929        -1.79291       0.3164     0.0000    -0.0003
      2      -0.0000  -0.3170   0.2437    1930        -1.76994      -0.6213     0.0001     0.0005
      3      -0.0000  -0.2818   0.2437    1929        -1.81944       0.3333     0.0003    -0.0002
      3      -0.0000  -0.2818   0.2437    1930        -1.80569      -0.5912    -0.0003     0.0003
      4      -0.0000  -0.2465   0.2437    1929        -1.84720       0.2945     0.0009    -0.0000
      4      -0.0000  -0.2465   0.2437    1930        -1.84004      -0.5523    -0.0009     0.0000
      5      -0.0000  -0.2113   0.2437    1929        -1.87321       0.2437     0.0053     0.0016
      5      -0.0000  -0.2113   0.2437    1930        -1.87142      -0.5107    -0.0054    -0.0016
      6      -0.0000  -0.1761   0.2437    1929        -1.89908      -0.4669     0.0040     0.0018
      6      -0.0000  -0.1761   0.2437    1930        -1.89605       0.1861    -0.0041    -0.0018
      7      -0.0000  -0.1409   0.2437    1929        -1.92209      -0.4036     0.0016     0.0008
      7      -0.0000  -0.1409   0.2437    1930        -1.91427       0.1019    -0.0018    -0.0009
      8      -0.0000  -0.1057   0.2437    1929        -1.92833       0.0007     0.0019     0.0011
      8      -0.0000  -0.1057   0.2437    1930        -1.92449      -0.1143    -0.0022    -0.0011
      9      -0.0000  -0.0704   0.2437    1929        -1.91716      -0.2754     0.0020    -0.0015
      9      -0.0000  -0.0704   0.2437    1930        -1.91695      -0.3912    -0.0004     0.0017
     10      -0.0000  -0.0352   0.2437    1929        -1.89785      -0.4069     0.0010    -0.0002
     10      -0.0000  -0.0352   0.2437    1930        -1.89531      -0.4453     0.0021     0.0003
     11      -0.0000  -0.0000   0.2437    1929        -1.88201      -0.1635     0.2336     0.1475
     11      -0.0000  -0.0000   0.2437    1930        -1.88198       0.1629    -0.2332    -0.1474
     12      -0.0000   0.0352   0.2437    1929        -1.89784       0.4070     0.0002     0.0010
     12      -0.0000   0.0352   0.2437    1930        -1.89531       0.4453     0.0000     0.0037
     13      -0.0000   0.0704   0.2437    1929        -1.91715       0.2745    -0.0009     0.0012
     13      -0.0000   0.0704   0.2437    1930        -1.91696       0.3936     0.0014     0.0007
     14      -0.0000   0.1057   0.2437    1929        -1.92834      -0.0011     0.0033     0.0001
     14      -0.0000   0.1057   0.2437    1930        -1.92453       0.1150    -0.0035     0.0000
     15      -0.0000   0.1409   0.2437    1929        -1.92213       0.4036     0.0027    -0.0021
     15      -0.0000   0.1409   0.2437    1930        -1.91433      -0.1017    -0.0027     0.0021
     16      -0.0000   0.1761   0.2437    1929        -1.89913       0.4670     0.0058    -0.0058
     16      -0.0000   0.1761   0.2437    1930        -1.89611      -0.1860    -0.0058     0.0058
     17      -0.0000   0.2113   0.2437    1929        -1.87328      -0.2437     0.0070    -0.0081
     17      -0.0000   0.2113   0.2437    1930        -1.87147       0.5107    -0.0070     0.0081
     18      -0.0000   0.2465   0.2437    1929        -1.84727      -0.2946     0.0011    -0.0016
     18      -0.0000   0.2465   0.2437    1930        -1.84009       0.5524    -0.0011     0.0016
     19      -0.0000   0.2818   0.2437    1929        -1.81952      -0.3335     0.0002    -0.0006
     19      -0.0000   0.2818   0.2437    1930        -1.80575       0.5912    -0.0003     0.0007
     20      -0.0000   0.3170   0.2437    1929        -1.79297      -0.3169     0.0000    -0.0004
     20      -0.0000   0.3170   0.2437    1930        -1.77000       0.6214    -0.0001     0.0005
     21      -0.0000   0.3522   0.2437    1929        -1.77845      -0.0009    -0.0001    -0.0004
     21      -0.0000   0.3522   0.2437    1930        -1.73997       0.0041     0.0002     0.0036
# Print out the spin texture for bands in the energy range of:  [   -2.0000000eV,    2.0000000 eV]
# Reciprocal lattice vector unit: A^-1
#  k point #    kx       ky       kz     State #     Eigenvalue     sigma_x    sigma_y    sigma_z
      1      -0.0000  -0.3522   0.2611    1929        -1.76510      -0.0010    -0.0000    -0.0004
      1      -0.0000  -0.3522   0.2611    1930        -1.73110       0.0016    -0.0045     0.0030
      2      -0.0000  -0.3170   0.2611    1929        -1.77871       0.3263     0.0000    -0.0003
      2      -0.0000  -0.3170   0.2611    1930        -1.75707      -0.6087     0.0001     0.0005
      3      -0.0000  -0.2818   0.2611    1929        -1.80504       0.3544     0.0003    -0.0003
      3      -0.0000  -0.2818   0.2611    1930        -1.79202      -0.5798    -0.0003     0.0003
      4      -0.0000  -0.2465   0.2611    1929        -1.83356       0.3184     0.0010    -0.0001
      4      -0.0000  -0.2465   0.2611    1930        -1.82677      -0.5397    -0.0010     0.0001
      5      -0.0000  -0.2113   0.2611    1929        -1.86091       0.2664     0.0058     0.0014
      5      -0.0000  -0.2113   0.2611    1930        -1.85923      -0.4949    -0.0059    -0.0013
      6      -0.0000  -0.1761   0.2611    1929        -1.88838      -0.4472     0.0044     0.0019
      6      -0.0000  -0.1761   0.2611    1930        -1.88541       0.2063    -0.0045    -0.0019
      7      -0.0000  -0.1409   0.2611    1929        -1.91376      -0.3949     0.0019     0.0011
      7      -0.0000  -0.1409   0.2611    1930        -1.90578       0.1270    -0.0021    -0.0011
      8      -0.0000  -0.1057   0.2611    1929        -1.93222      -0.1942     0.0014     0.0009
      8      -0.0000  -0.1057   0.2611    1930        -1.91969      -0.0392    -0.0016    -0.0010
      9      -0.0000  -0.0704   0.2611    1929        -1.91960       0.2041     0.0385     0.0192
      9      -0.0000  -0.0704   0.2611    1930        -1.91933      -0.3752    -0.0391    -0.0186
     10      -0.0000  -0.0352   0.2611    1929        -1.90463      -0.3858     0.0012    -0.0001
     10      -0.0000  -0.0352   0.2611    1930        -1.90165      -0.4521     0.0083     0.0029
     11      -0.0000  -0.0000   0.2611    1929        -1.88888      -0.2314     0.2580     0.1137
     11      -0.0000  -0.0000   0.2611    1930        -1.88885       0.2309    -0.2577    -0.1135
     12      -0.0000   0.0352   0.2611    1929        -1.90462       0.3860     0.0001     0.0008
     12      -0.0000   0.0352   0.2611    1930        -1.90165       0.4524    -0.0012     0.0108
     13      -0.0000   0.0704   0.2611    1929        -1.91962      -0.2042     0.0049     0.0316
     13      -0.0000   0.0704   0.2611    1930        -1.91935       0.3759    -0.0052    -0.0317
     14      -0.0000   0.1057   0.2611    1929        -1.93224       0.1938     0.0015    -0.0006
     14      -0.0000   0.1057   0.2611    1930        -1.91973       0.0397    -0.0015     0.0007
     15      -0.0000   0.1409   0.2611    1929        -1.91380       0.3950     0.0025    -0.0022
     15      -0.0000   0.1409   0.2611    1930        -1.90583      -0.1268    -0.0026     0.0022
     16      -0.0000   0.1761   0.2611    1929        -1.88843       0.4472     0.0055    -0.0056
     16      -0.0000   0.1761   0.2611    1930        -1.88547      -0.2062    -0.0055     0.0056
     17      -0.0000   0.2113   0.2611    1929        -1.86098      -0.2664     0.0068    -0.0080
     17      -0.0000   0.2113   0.2611    1930        -1.85928       0.4949    -0.0068     0.0081
     18      -0.0000   0.2465   0.2611    1929        -1.83364      -0.3185     0.0010    -0.0015
     18      -0.0000   0.2465   0.2611    1930        -1.82683       0.5397    -0.0010     0.0016
     19      -0.0000   0.2818   0.2611    1929        -1.80511      -0.3546     0.0002    -0.0006
     19      -0.0000   0.2818   0.2611    1930        -1.79208       0.5799    -0.0003     0.0007
     20      -0.0000   0.3170   0.2611    1929        -1.77878      -0.3270     0.0000    -0.0004
     20      -0.0000   0.3170   0.2611    1930        -1.75713       0.6089    -0.0002     0.0005
     21      -0.0000   0.3522   0.2611    1929        -1.76510      -0.0010    -0.0000    -0.0004
     21      -0.0000   0.3522   0.2611    1930        -1.73110       0.0016    -0.0045     0.0030
# Print out the spin texture for bands in the energy range of:  [   -2.0000000eV,    2.0000000 eV]
# Reciprocal lattice vector unit: A^-1
#  k point #    kx       ky       kz     State #     Eigenvalue     sigma_x    sigma_y    sigma_z
      1      -0.0000  -0.3522   0.2785    1929        -1.75275      -0.0011    -0.0000    -0.0004
      1      -0.0000  -0.3522   0.2785    1930        -1.72499       0.0017    -0.0018     0.0019
      2      -0.0000  -0.3170   0.2785    1929        -1.76501       0.3248     0.0001    -0.0004
      2      -0.0000  -0.3170   0.2785    1930        -1.74474      -0.5940     0.0002     0.0006
      3      -0.0000  -0.2818   0.2785    1929        -1.79045       0.3693     0.0003    -0.0004
      3      -0.0000  -0.2818   0.2785    1930        -1.77821      -0.5680    -0.0003     0.0004
      4      -0.0000  -0.2465   0.2785    1929        -1.81936       0.3396     0.0010    -0.0003
      4      -0.0000  -0.2465   0.2785    1930        -1.81292      -0.5275    -0.0010     0.0003
      5      -0.0000  -0.2113   0.2785    1929        -1.84788       0.2886     0.0059     0.0007
      5      -0.0000  -0.2113   0.2785    1930        -1.84623      -0.4802    -0.0059    -0.0007
      6      -0.0000  -0.1761   0.2785    1929        -1.87665      -0.4283     0.0050     0.0019
      6      -0.0000  -0.1761   0.2785    1930        -1.87399       0.2276    -0.0050    -0.0018
      7      -0.0000  -0.1409   0.2785    1929        -1.90356      -0.3733     0.0023     0.0013
      7      -0.0000  -0.1409   0.2785    1930        -1.89636       0.1515    -0.0024    -0.0013
      8      -0.0000  -0.1057   0.2785    1929        -1.92639      -0.3054     0.0016     0.0012
      8      -0.0000  -0.1057   0.2785    1930        -1.91319       0.0188    -0.0018    -0.0011
      9      -0.0000  -0.0704   0.2785    1929        -1.92740       0.1879     0.0021     0.0017
      9      -0.0000  -0.0704   0.2785    1930        -1.91890      -0.2729    -0.0024    -0.0015
     10      -0.0000  -0.0352   0.2785    1929        -1.90977      -0.3408     0.0021    -0.0005
     10      -0.0000  -0.0352   0.2785    1930        -1.90890       0.2956     0.0047     0.0038
     11      -0.0000  -0.0000   0.2785    1929        -1.89591      -0.2781     0.3016     0.0836
     11      -0.0000  -0.0000   0.2785    1930        -1.89588       0.2779    -0.3016    -0.0834
     12      -0.0000   0.0352   0.2785    1929        -1.90976       0.3415     0.0000     0.0005
     12      -0.0000   0.0352   0.2785    1930        -1.90892      -0.2963    -0.0010     0.0036
     13      -0.0000   0.0704   0.2785    1929        -1.92741      -0.1879     0.0002     0.0004
     13      -0.0000   0.0704   0.2785    1930        -1.91893       0.2737    -0.0004    -0.0006
     14      -0.0000   0.1057   0.2785    1929        -1.92642       0.3055     0.0015    -0.0010
     14      -0.0000   0.1057   0.2785    1930        -1.91323      -0.0185    -0.0015     0.0010
     15      -0.0000   0.1409   0.2785    1929        -1.90361       0.3734     0.0025    -0.0023
     15      -0.0000   0.1409   0.2785    1930        -1.89641      -0.1515    -0.0026     0.0023
     16      -0.0000   0.1761   0.2785    1929        -1.87670       0.4284     0.0055    -0.0058
     16      -0.0000   0.1761   0.2785    1930        -1.87405      -0.2277    -0.0055     0.0058
     17      -0.0000   0.2113   0.2785    1929        -1.84794      -0.2887     0.0060    -0.0075
     17      -0.0000   0.2113   0.2785    1930        -1.84628       0.4802    -0.0061     0.0076
     18      -0.0000   0.2465   0.2785    1929        -1.81943      -0.3397     0.0009    -0.0015
     18      -0.0000   0.2465   0.2785    1930        -1.81298       0.5276    -0.0009     0.0015
     19      -0.0000   0.2818   0.2785    1929        -1.79052      -0.3696     0.0002    -0.0006
     19      -0.0000   0.2818   0.2785    1930        -1.77827       0.5681    -0.0003     0.0007
     20      -0.0000   0.3170   0.2785    1929        -1.76506      -0.3257     0.0000    -0.0004
     20      -0.0000   0.3170   0.2785    1930        -1.74481       0.5942    -0.0002     0.0006
     21      -0.0000   0.3522   0.2785    1929        -1.75275      -0.0011    -0.0000    -0.0004
     21      -0.0000   0.3522   0.2785    1930        -1.72499       0.0017    -0.0018     0.0019
# Print out the spin texture for bands in the energy range of:  [   -2.0000000eV,    2.0000000 eV]
# Reciprocal lattice vector unit: A^-1
#  k point #    kx       ky       kz     State #     Eigenvalue     sigma_x    sigma_y    sigma_z
      1      -0.0000  -0.3522   0.2959    1929        -1.74180      -0.0012     0.0000    -0.0005
      1      -0.0000  -0.3522   0.2959    1930        -1.72064       0.0016    -0.0010     0.0013
      2      -0.0000  -0.3170   0.2959    1929        -1.75228       0.3034     0.0001    -0.0004
      2      -0.0000  -0.3170   0.2959    1930        -1.73412      -0.4672     0.0002    -0.0006
      3      -0.0000  -0.2818   0.2959    1929        -1.77610       0.3694     0.0004    -0.0005
      3      -0.0000  -0.2818   0.2959    1930        -1.76464      -0.5516    -0.0003     0.0006
      4      -0.0000  -0.2465   0.2959    1929        -1.80488       0.3505     0.0011    -0.0005
      4      -0.0000  -0.2465   0.2959    1930        -1.79881      -0.5113    -0.0011     0.0006
      5      -0.0000  -0.2113   0.2959    1929        -1.83434       0.3035     0.0058    -0.0002
      5      -0.0000  -0.2113   0.2959    1930        -1.83270      -0.4617    -0.0059     0.0002
      6      -0.0000  -0.1761   0.2959    1929        -1.86428      -0.4059     0.0057     0.0015
      6      -0.0000  -0.1761   0.2959    1930        -1.86200       0.2436    -0.0058    -0.0015
      7      -0.0000  -0.1409   0.2959    1929        -1.89253      -0.3471     0.0027     0.0013
      7      -0.0000  -0.1409   0.2959    1930        -1.88629       0.1709    -0.0028    -0.0012
      8      -0.0000  -0.1057   0.2959    1929        -1.91681      -0.2881     0.0019     0.0013
      8      -0.0000  -0.1057   0.2959    1930        -1.90562       0.0615    -0.0021    -0.0012
      9      -0.0000  -0.0704   0.2959    1929        -1.93052      -0.0244     0.0020     0.0017
      9      -0.0000  -0.0704   0.2959    1930        -1.91595      -0.1644    -0.0022    -0.0013
     10      -0.0000  -0.0352   0.2959    1929        -1.91591       0.2638     0.0031     0.0019
     10      -0.0000  -0.0352   0.2959    1930        -1.91270      -0.2720     0.0024     0.0005
     11      -0.0000  -0.0000   0.2959    1929        -1.90217      -0.2203     0.4072     0.0591
     11      -0.0000  -0.0000   0.2959    1930        -1.90214       0.2206    -0.4073    -0.0588
     12      -0.0000   0.0352   0.2959    1929        -1.91593      -0.2638    -0.0005     0.0007
     12      -0.0000   0.0352   0.2959    1930        -1.91270       0.2723     0.0000     0.0001
     13      -0.0000   0.0704   0.2959    1929        -1.93053       0.0242     0.0005    -0.0002
     13      -0.0000   0.0704   0.2959    1930        -1.91598       0.1651    -0.0004    -0.0000
     14      -0.0000   0.1057   0.2959    1929        -1.91684       0.2883     0.0015    -0.0012
     14      -0.0000   0.1057   0.2959    1930        -1.90566      -0.0613    -0.0015     0.0011
     15      -0.0000   0.1409   0.2959    1929        -1.89257       0.3472     0.0025    -0.0024
     15      -0.0000   0.1409   0.2959    1930        -1.88633      -0.1709    -0.0025     0.0024
     16      -0.0000   0.1761   0.2959    1929        -1.86433       0.4060     0.0054    -0.0061
     16      -0.0000   0.1761   0.2959    1930        -1.86206      -0.2437    -0.0054     0.0061
     17      -0.0000   0.2113   0.2959    1929        -1.83440      -0.3037     0.0050    -0.0069
     17      -0.0000   0.2113   0.2959    1930        -1.83275       0.4618    -0.0050     0.0070
     18      -0.0000   0.2465   0.2959    1929        -1.80495      -0.3507     0.0007    -0.0015
     18      -0.0000   0.2465   0.2959    1930        -1.79887       0.5114    -0.0008     0.0016
     19      -0.0000   0.2818   0.2959    1929        -1.77617      -0.3699     0.0002    -0.0007
     19      -0.0000   0.2818   0.2959    1930        -1.76471       0.5518    -0.0002     0.0008
     20      -0.0000   0.3170   0.2959    1929        -1.75234      -0.3046     0.0000    -0.0005
     20      -0.0000   0.3170   0.2959    1930        -1.73417       0.4674    -0.0026     0.0008
     21      -0.0000   0.3522   0.2959    1929        -1.74180      -0.0012     0.0000    -0.0005
     21      -0.0000   0.3522   0.2959    1930        -1.72064       0.0016    -0.0010     0.0013
# Print out the spin texture for bands in the energy range of:  [   -2.0000000eV,    2.0000000 eV]
# Reciprocal lattice vector unit: A^-1
#  k point #    kx       ky       kz     State #     Eigenvalue     sigma_x    sigma_y    sigma_z
      1      -0.0000  -0.3522   0.3133    1929        -1.73262      -0.0013     0.0001    -0.0005
      1      -0.0000  -0.3522   0.3133    1930        -1.71835       0.0016    -0.0006     0.0010
      2      -0.0000  -0.3170   0.3133    1929        -1.74119       0.2478     0.0002    -0.0005
      2      -0.0000  -0.3170   0.3133    1930        -1.72849      -0.3662     0.0001     0.0001
      3      -0.0000  -0.2818   0.3133    1929        -1.76270       0.3338     0.0005    -0.0006
      3      -0.0000  -0.2818   0.3133    1930        -1.75241      -0.4689     0.0001    -0.0006
      4      -0.0000  -0.2465   0.3133    1929        -1.79075       0.3313     0.0012    -0.0009
      4      -0.0000  -0.2465   0.3133    1930        -1.78491      -0.4795    -0.0012     0.0009
      5      -0.0000  -0.2113   0.3133    1929        -1.82083       0.2925     0.0056    -0.0014
      5      -0.0000  -0.2113   0.3133    1930        -1.81909      -0.4271    -0.0056     0.0014
      6      -0.0000  -0.1761   0.3133    1929        -1.85176      -0.3674     0.0069     0.0006
      6      -0.0000  -0.1761   0.3133    1930        -1.84993       0.2369    -0.0070    -0.0005
      7      -0.0000  -0.1409   0.3133    1929        -1.88136      -0.3061     0.0030     0.0010
      7      -0.0000  -0.1409   0.3133    1930        -1.87608       0.1704    -0.0031    -0.0009
      8      -0.0000  -0.1057   0.3133    1929        -1.90686      -0.2516     0.0022     0.0012
      8      -0.0000  -0.1057   0.3133    1930        -1.89765       0.0820    -0.0024    -0.0011
      9      -0.0000  -0.0704   0.3133    1929        -1.92509      -0.1760     0.0022     0.0016
      9      -0.0000  -0.0704   0.3133    1930        -1.91136      -0.0777    -0.0022    -0.0012
     10      -0.0000  -0.0352   0.3133    1929        -1.91990       0.1355     0.0029     0.0017
     10      -0.0000  -0.0352   0.3133    1930        -1.91393      -0.2101     0.0034     0.0005
     11      -0.0000  -0.0000   0.3133    1929        -1.90615      -0.0761     0.5143     0.0495
     11      -0.0000  -0.0000   0.3133    1930        -1.90612       0.0767    -0.5144    -0.0491
     12      -0.0000   0.0352   0.3133    1929        -1.91991      -0.1354    -0.0004     0.0001
     12      -0.0000   0.0352   0.3133    1930        -1.91393       0.2103    -0.0004    -0.0003
     13      -0.0000   0.0704   0.3133    1929        -1.92511       0.1760     0.0006    -0.0004
     13      -0.0000   0.0704   0.3133    1930        -1.91139       0.0781    -0.0003     0.0000
     14      -0.0000   0.1057   0.3133    1929        -1.90690       0.2518     0.0014    -0.0012
     14      -0.0000   0.1057   0.3133    1930        -1.89768      -0.0820    -0.0013     0.0010
     15      -0.0000   0.1409   0.3133    1929        -1.88140       0.3063     0.0023    -0.0024
     15      -0.0000   0.1409   0.3133    1930        -1.87613      -0.1706    -0.0022     0.0023
     16      -0.0000   0.1761   0.3133    1929        -1.85182       0.3676     0.0049    -0.0064
     16      -0.0000   0.1761   0.3133    1930        -1.84998      -0.2372    -0.0050     0.0064
     17      -0.0000   0.2113   0.3133    1929        -1.82088      -0.2929     0.0034    -0.0060
     17      -0.0000   0.2113   0.3133    1930        -1.81914       0.4273    -0.0034     0.0061
     18      -0.0000   0.2465   0.3133    1929        -1.79081      -0.3319     0.0005    -0.0016
     18      -0.0000   0.2465   0.3133    1930        -1.78497       0.4797    -0.0006     0.0016
     19      -0.0000   0.2818   0.3133    1929        -1.76276      -0.3347     0.0001    -0.0008
     19      -0.0000   0.2818   0.3133    1930        -1.75246       0.4691    -0.0010    -0.0000
     20      -0.0000   0.3170   0.3133    1929        -1.74123      -0.2495     0.0000    -0.0006
     20      -0.0000   0.3170   0.3133    1930        -1.72854       0.3678    -0.0014     0.0008
     21      -0.0000   0.3522   0.3133    1929        -1.73262      -0.0013     0.0001    -0.0005
     21      -0.0000   0.3522   0.3133    1930        -1.71835       0.0016    -0.0006     0.0010
# Print out the spin texture for bands in the energy range of:  [   -2.0000000eV,    2.0000000 eV]
# Reciprocal lattice vector unit: A^-1
#  k point #    kx       ky       kz     State #     Eigenvalue     sigma_x    sigma_y    sigma_z
      1      -0.0000  -0.3522   0.3307    1929        -1.72553      -0.0014     0.0001    -0.0006
      1      -0.0000  -0.3522   0.3307    1930        -1.71834       0.0015    -0.0004     0.0008
      2      -0.0000  -0.3170   0.3307    1929        -1.73254       0.1392     0.0003    -0.0007
      2      -0.0000  -0.3170   0.3307    1930        -1.72594      -0.2143     0.0001     0.0005
      3      -0.0000  -0.2818   0.3307    1929        -1.75162       0.2126     0.0007    -0.0008
      3      -0.0000  -0.2818   0.3307    1930        -1.74623      -0.3224     0.0003     0.0000
      4      -0.0000  -0.2465   0.3307    1929        -1.77852       0.2238     0.0014    -0.0011
      4      -0.0000  -0.2465   0.3307    1930        -1.77419      -0.3501     0.0003    -0.0003
      5      -0.0000  -0.2113   0.3307    1929        -1.80887       0.1991     0.0044    -0.0020
      5      -0.0000  -0.2113   0.3307    1930        -1.80645      -0.3385    -0.0047     0.0020
      6      -0.0000  -0.1761   0.3307    1929        -1.84014      -0.2794     0.0132    -0.0022
      6      -0.0000  -0.1761   0.3307    1930        -1.83920       0.1576    -0.0133     0.0023
      7      -0.0000  -0.1409   0.3307    1929        -1.87107      -0.2238     0.0035     0.0004
      7      -0.0000  -0.1409   0.3307    1930        -1.86702       0.1099    -0.0035    -0.0001
      8      -0.0000  -0.1057   0.3307    1929        -1.89777      -0.1838     0.0024     0.0008
      8      -0.0000  -0.1057   0.3307    1930        -1.89045       0.0542    -0.0020    -0.0004
      9      -0.0000  -0.0704   0.3307    1929        -1.91771      -0.1692     0.0023     0.0013
      9      -0.0000  -0.0704   0.3307    1930        -1.90896      -0.0145     0.0035     0.0007
     10      -0.0000  -0.0352   0.3307    1929        -1.91981      -0.0334     0.0030     0.0016
     10      -0.0000  -0.0352   0.3307    1930        -1.91508      -0.1773     0.0028     0.0003
     11      -0.0000  -0.0000   0.3307    1929        -1.90694      -0.0057     0.4983     0.0469
     11      -0.0000  -0.0000   0.3307    1930        -1.90690       0.0063    -0.4981    -0.0465
     12      -0.0000   0.0352   0.3307    1929        -1.91982       0.0334    -0.0006    -0.0000
     12      -0.0000   0.0352   0.3307    1930        -1.91507       0.1773    -0.0015    -0.0007
     13      -0.0000   0.0704   0.3307    1929        -1.91773       0.1694     0.0003    -0.0004
     13      -0.0000   0.0704   0.3307    1930        -1.90895       0.0142    -0.0010    -0.0003
     14      -0.0000   0.1057   0.3307    1929        -1.89780       0.1841     0.0009    -0.0010
     14      -0.0000   0.1057   0.3307    1930        -1.89047      -0.0544    -0.0008     0.0006
     15      -0.0000   0.1409   0.3307    1929        -1.87111       0.2243     0.0015    -0.0020
     15      -0.0000   0.1409   0.3307    1930        -1.86705      -0.1105    -0.0014     0.0019
     16      -0.0000   0.1761   0.3307    1929        -1.84018       0.2800     0.0043    -0.0093
     16      -0.0000   0.1761   0.3307    1930        -1.83923      -0.1584    -0.0043     0.0093
     17      -0.0000   0.2113   0.3307    1929        -1.80891      -0.2001     0.0008    -0.0038
     17      -0.0000   0.2113   0.3307    1930        -1.80650       0.3391    -0.0007     0.0037
     18      -0.0000   0.2465   0.3307    1929        -1.77856      -0.2251     0.0000    -0.0015
     18      -0.0000   0.2465   0.3307    1930        -1.77423       0.3512    -0.0009     0.0001
     19      -0.0000   0.2818   0.3307    1929        -1.75166      -0.2143    -0.0001    -0.0009
     19      -0.0000   0.2818   0.3307    1930        -1.74626       0.3240    -0.0011     0.0004
     20      -0.0000   0.3170   0.3307    1929        -1.73256      -0.1416     0.0000    -0.0007
     20      -0.0000   0.3170   0.3307    1930        -1.72597       0.2168    -0.0009     0.0007
     21      -0.0000   0.3522   0.3307    1929        -1.72553      -0.0014     0.0001    -0.0006
     21      -0.0000   0.3522   0.3307    1930        -1.71834       0.0015    -0.0004     0.0008
# Print out the spin texture for bands in the energy range of:  [   -2.0000000eV,    2.0000000 eV]
# Reciprocal lattice vector unit: A^-1
#  k point #    kx       ky       kz     State #     Eigenvalue     sigma_x    sigma_y    sigma_z
      1      -0.0000  -0.3522   0.3481    1929        -1.72073      -0.0013     0.0005    -0.0001
      1      -0.0000  -0.3522   0.3481    1930        -1.72073       0.0013    -0.0005     0.0001
      2      -0.0000  -0.3170   0.3481    1929        -1.72725      -0.0269     0.0106     0.0005
      2      -0.0000  -0.3170   0.3481    1930        -1.72724      -0.0273    -0.0101    -0.0006
      3      -0.0000  -0.2818   0.3481    1929        -1.74546      -0.0486     0.0133     0.0005
      3      -0.0000  -0.2818   0.3481    1930        -1.74544      -0.0488    -0.0121    -0.0006
      4      -0.0000  -0.2465   0.3481    1929        -1.77193      -0.0625     0.0183     0.0005
      4      -0.0000  -0.2465   0.3481    1930        -1.77191      -0.0626    -0.0166    -0.0007
      5      -0.0000  -0.2113   0.3481    1929        -1.80250      -0.0690     0.0304     0.0007
      5      -0.0000  -0.2113   0.3481    1930        -1.80247      -0.0690    -0.0277    -0.0007
      6      -0.0000  -0.1761   0.3481    1929        -1.83345      -0.0689     0.0986     0.0016
      6      -0.0000  -0.1761   0.3481    1930        -1.83342      -0.0688    -0.0916    -0.0012
      7      -0.0000  -0.1409   0.3481    1929        -1.86382      -0.0596     0.0321     0.0021
      7      -0.0000  -0.1409   0.3481    1930        -1.86380      -0.0586    -0.0247    -0.0013
      8      -0.0000  -0.1057   0.3481    1929        -1.89119      -0.0627     0.0131     0.0008
      8      -0.0000  -0.1057   0.3481    1930        -1.89116      -0.0620    -0.0103     0.0000
      9      -0.0000  -0.0704   0.3481    1929        -1.91179      -0.1051     0.0086     0.0004
      9      -0.0000  -0.0704   0.3481    1930        -1.91176      -0.1048    -0.0057     0.0007
     10      -0.0000  -0.0352   0.3481    1929        -1.91734      -0.1378     0.0089     0.0004
     10      -0.0000  -0.0352   0.3481    1930        -1.91732      -0.1378    -0.0048     0.0010
     11      -0.0000  -0.0000   0.3481    1929        -1.90515       0.0120     0.2090    -0.0111
     11      -0.0000  -0.0000   0.3481    1930        -1.90515      -0.0120    -0.2090     0.0111
     12      -0.0000   0.0352   0.3481    1929        -1.91734       0.1378    -0.0089    -0.0004
     12      -0.0000   0.0352   0.3481    1930        -1.91732       0.1378     0.0048    -0.0010
     13      -0.0000   0.0704   0.3481    1929        -1.91179       0.1051    -0.0086    -0.0004
     13      -0.0000   0.0704   0.3481    1930        -1.91176       0.1048     0.0057    -0.0007
     14      -0.0000   0.1057   0.3481    1929        -1.89119       0.0627    -0.0131    -0.0008
     14      -0.0000   0.1057   0.3481    1930        -1.89116       0.0620     0.0103    -0.0000
     15      -0.0000   0.1409   0.3481    1929        -1.86382       0.0596    -0.0321    -0.0021
     15      -0.0000   0.1409   0.3481    1930        -1.86380       0.0586     0.0247     0.0013
     16      -0.0000   0.1761   0.3481    1929        -1.83345       0.0689    -0.0986    -0.0016
     16      -0.0000   0.1761   0.3481    1930        -1.83342       0.0688     0.0916     0.0012
     17      -0.0000   0.2113   0.3481    1929        -1.80250       0.0690    -0.0304    -0.0007
     17      -0.0000   0.2113   0.3481    1930        -1.80247       0.0690     0.0277     0.0007
     18      -0.0000   0.2465   0.3481    1929        -1.77193       0.0625    -0.0183    -0.0005
     18      -0.0000   0.2465   0.3481    1930        -1.77191       0.0626     0.0166     0.0007
     19      -0.0000   0.2818   0.3481    1929        -1.74546       0.0486    -0.0133    -0.0005
     19      -0.0000   0.2818   0.3481    1930        -1.74544       0.0488     0.0121     0.0006
     20      -0.0000   0.3170   0.3481    1929        -1.72725       0.0269    -0.0106    -0.0005
     20      -0.0000   0.3170   0.3481    1930        -1.72724       0.0273     0.0101     0.0006
     21      -0.0000   0.3522   0.3481    1929        -1.72073      -0.0011    -0.0060    -0.0003
     21      -0.0000   0.3522   0.3481    1930        -1.72073       0.0011     0.0060     0.0003
